route_id,base_distance,day_of_week,hour_of_day,is_holiday,season_code,weather_condition,traffic_density,occupancy_pct,delay_minutes
104,345.0,4,19,0,0,0,1,69.2,7.2
105,245.0,3,12,0,1,0,1,45.2,8.7
102,460.0,3,20,0,1,1,0,65.5,10.2
103,160.0,4,11,0,2,0,2,40.8,23.4
102,460.0,4,6,0,2,0,1,54.1,11.1
101,135.0,3,22,0,1,0,0,41.3,2.2
102,460.0,1,16,0,1,1,1,51.0,11.5
104,345.0,0,12,0,0,0,2,34.2,17.4
104,345.0,4,13,0,0,0,3,39.6,38.8
103,160.0,2,21,0,2,1,0,50.3,8.1
101,135.0,3,6,1,2,0,1,78.5,19.1
103,160.0,2,5,0,2,0,2,69.0,21.0
103,160.0,0,19,0,1,0,0,69.5,4.9
105,245.0,3,9,0,0,0,0,71.1,3.8
103,160.0,5,6,1,1,0,2,55.8,26.5
103,160.0,1,11,0,0,0,1,47.4,10.8
103,160.0,0,9,0,1,0,2,71.7,13.9
101,135.0,3,21,1,1,2,0,44.6,26.9
101,135.0,0,21,0,3,0,0,43.5,2.9
102,460.0,4,16,0,1,0,1,38.8,12.3
105,245.0,3,6,0,2,1,2,57.2,23.4
105,245.0,2,8,1,2,1,1,100.0,14.6
101,135.0,2,22,0,1,0,0,31.3,2.4
101,135.0,5,16,1,3,0,1,70.4,12.4
103,160.0,3,5,0,2,1,2,63.8,32.4
101,135.0,2,22,0,1,0,1,45.0,8.9
104,345.0,6,7,1,0,0,1,74.5,17.2
105,245.0,2,12,0,1,0,1,51.8,11.2
104,345.0,4,20,0,2,1,0,56.9,9.6
105,245.0,5,7,1,0,1,1,81.4,24.3
105,245.0,6,5,1,3,0,1,50.8,19.2
103,160.0,1,6,0,3,0,1,34.0,7.2
102,460.0,2,22,0,0,0,0,35.5,3.5
104,345.0,2,19,0,1,0,1,62.7,8.6
105,245.0,5,21,1,1,0,1,67.7,13.5
104,345.0,3,16,0,3,1,0,58.3,6.8
104,345.0,4,22,0,1,0,1,57.7,8.7
102,460.0,4,13,0,0,0,0,47.5,0.0
101,135.0,4,5,0,2,0,1,47.5,10.7
101,135.0,4,18,1,2,0,2,95.1,30.6
102,460.0,1,20,0,3,0,1,58.1,5.7
105,245.0,3,6,0,1,0,1,48.2,12.7
104,345.0,6,6,1,3,0,2,66.0,30.4
101,135.0,0,15,0,2,1,1,51.6,14.4
104,345.0,6,18,1,2,0,1,87.8,19.7
102,460.0,1,6,0,2,0,1,64.2,10.9
104,345.0,0,8,0,0,0,1,65.1,11.1
101,135.0,6,9,1,2,1,2,100.0,32.1
105,245.0,2,21,1,0,1,0,62.6,13.6
104,345.0,2,19,1,0,0,1,94.3,17.4
101,135.0,6,17,1,1,0,1,92.8,14.6
103,160.0,2,22,0,0,1,1,41.5,17.6
102,460.0,2,6,1,0,0,1,62.3,14.4
105,245.0,3,8,0,2,0,1,73.8,12.5
103,160.0,6,7,1,1,0,0,95.2,9.3
105,245.0,3,21,1,0,0,3,61.8,42.0
105,245.0,3,7,0,0,0,1,66.5,15.6
105,245.0,5,7,1,0,1,3,83.9,47.2
104,345.0,4,12,0,3,0,1,38.9,10.5
101,135.0,3,21,0,0,1,1,50.9,21.4
102,460.0,1,22,0,0,0,1,47.4,6.7
101,135.0,5,21,1,1,0,0,62.7,12.7
105,245.0,5,7,1,0,0,2,74.2,23.1
101,135.0,5,5,1,0,0,2,32.2,24.2
103,160.0,2,22,0,1,2,0,48.3,26.0
105,245.0,4,18,0,2,1,1,82.4,17.7
102,460.0,5,19,1,2,0,1,100.0,14.7
102,460.0,2,21,0,3,0,2,46.0,18.6
102,460.0,4,15,0,2,0,0,59.9,0.0
104,345.0,0,7,0,2,0,0,77.8,0.0
105,245.0,5,10,1,0,0,2,57.0,22.5
103,160.0,0,19,0,2,0,0,83.4,2.1
102,460.0,3,18,0,0,0,0,73.2,0.0
103,160.0,6,17,1,1,0,0,78.9,2.7
102,460.0,6,21,1,1,0,0,57.2,0.7
102,460.0,2,13,0,2,0,1,73.7,14.2
104,345.0,2,14,0,1,1,1,44.9,12.1
105,245.0,0,5,1,0,0,0,56.9,5.8
101,135.0,6,7,1,3,0,3,86.4,44.7
103,160.0,3,19,0,0,0,1,74.5,12.5
103,160.0,1,17,0,1,2,1,75.1,27.6
104,345.0,6,5,1,3,0,1,58.4,16.4
103,160.0,0,10,0,1,0,1,50.0,7.0
104,345.0,0,9,1,0,0,1,70.8,11.9
101,135.0,4,16,0,0,0,2,48.9,24.7
105,245.0,2,13,0,3,0,0,49.3,5.1
102,460.0,5,8,1,1,0,2,68.7,22.0
103,160.0,4,10,0,2,0,0,55.1,4.5
105,245.0,2,11,1,1,0,1,52.9,16.5
105,245.0,0,11,0,0,0,1,51.6,7.4
104,345.0,5,6,1,2,1,0,54.0,16.0
105,245.0,3,19,0,0,0,1,80.6,16.0
102,460.0,2,9,0,1,1,1,62.9,10.0
103,160.0,3,17,1,1,0,0,99.3,8.8
105,245.0,6,14,1,2,0,1,73.5,15.3
103,160.0,6,5,1,0,0,0,56.2,9.9
103,160.0,6,19,1,0,0,2,77.7,25.7
104,345.0,0,15,0,2,0,1,45.0,9.2
104,345.0,2,11,0,0,1,1,59.8,20.4
104,345.0,1,21,0,3,0,1,45.9,13.4
101,135.0,6,5,1,1,0,0,59.1,7.5
105,245.0,0,17,0,3,0,0,68.0,6.5
102,460.0,5,21,1,1,1,0,55.5,13.3
103,160.0,1,14,0,1,0,0,48.9,0.0
105,245.0,0,7,0,2,0,1,88.5,4.4
103,160.0,0,19,0,2,0,1,83.9,10.8
104,345.0,3,9,1,1,0,2,87.6,21.2
104,345.0,1,6,0,0,0,0,55.5,0.0
104,345.0,3,9,0,3,0,1,71.7,9.7
104,345.0,0,14,0,2,1,2,54.1,26.8
101,135.0,1,17,0,0,0,2,70.1,21.0
105,245.0,1,9,1,1,0,2,78.9,25.0
105,245.0,0,10,0,2,0,0,49.8,0.0
103,160.0,1,16,0,0,0,2,30.3,16.2
102,460.0,5,6,1,2,0,0,70.2,10.6
104,345.0,0,11,0,1,0,1,45.8,10.5
101,135.0,1,8,0,2,0,0,100.0,1.7
102,460.0,0,6,1,0,0,1,66.1,19.8
101,135.0,6,7,1,0,0,3,92.9,40.2
101,135.0,4,21,0,2,0,0,67.3,4.1
105,245.0,5,20,1,0,1,1,57.7,22.4
102,460.0,6,14,1,0,0,1,51.4,18.2
102,460.0,2,22,0,3,1,1,33.8,18.5
104,345.0,4,6,0,2,0,1,55.5,8.7
101,135.0,3,17,0,3,0,2,61.2,12.9
102,460.0,5,17,1,3,1,0,100.0,12.0
104,345.0,6,14,1,2,0,1,68.6,14.2
102,460.0,3,22,0,0,0,2,37.4,19.2
103,160.0,1,9,0,2,0,3,83.9,39.8
105,245.0,1,11,0,2,0,2,61.9,18.5
102,460.0,2,6,0,0,0,2,41.0,19.5
101,135.0,0,7,0,0,0,1,76.4,13.1
103,160.0,2,10,0,0,0,1,38.3,10.5
101,135.0,2,13,1,1,1,2,65.3,38.0
103,160.0,1,19,1,2,0,1,92.9,15.7
101,135.0,1,12,0,1,0,2,55.6,16.6
103,160.0,4,17,0,3,1,1,76.6,18.5
101,135.0,4,14,1,2,1,0,69.0,11.5
102,460.0,3,6,0,0,0,0,43.0,0.2
101,135.0,0,12,0,3,0,2,41.9,18.0
102,460.0,0,6,0,3,0,2,40.6,21.5
104,345.0,1,8,0,0,1,1,64.4,16.9
103,160.0,1,22,0,2,2,1,59.9,28.4
105,245.0,2,5,0,2,1,0,62.4,8.9
103,160.0,4,13,0,2,1,0,60.7,10.7
104,345.0,5,15,1,0,2,0,63.4,27.7
105,245.0,2,10,0,0,2,1,43.1,31.1
105,245.0,2,21,0,3,0,1,35.3,10.5
101,135.0,0,12,0,1,0,0,39.8,4.8
104,345.0,1,7,0,2,0,0,85.0,0.0
104,345.0,0,10,0,3,0,1,51.7,8.0
103,160.0,4,21,1,1,0,1,69.7,17.2
104,345.0,5,13,1,1,0,0,61.3,4.3
104,345.0,3,5,0,3,1,0,53.2,9.3
101,135.0,4,11,1,2,0,1,74.8,15.4
105,245.0,2,10,0,0,0,1,50.6,11.2
102,460.0,3,19,0,2,0,1,92.8,11.4
103,160.0,6,13,1,1,0,0,54.8,5.5
105,245.0,2,18,0,3,1,1,74.0,11.0
103,160.0,2,14,0,0,0,0,42.9,0.0
105,245.0,6,9,1,3,1,1,92.6,30.8
101,135.0,3,6,0,1,0,2,37.9,15.9
103,160.0,4,22,0,2,0,2,70.3,15.4
102,460.0,3,18,0,2,0,0,74.8,1.6
105,245.0,6,18,1,0,0,0,74.4,10.2
104,345.0,1,7,0,2,0,1,70.7,8.3
103,160.0,1,7,0,3,0,1,67.9,13.7
104,345.0,2,16,0,3,0,1,31.9,13.6
104,345.0,4,21,0,3,0,2,57.7,26.9
104,345.0,1,18,1,2,0,0,87.1,8.9
105,245.0,4,9,1,2,0,0,100.0,8.0
103,160.0,1,16,0,2,0,1,49.5,11.9
102,460.0,4,5,0,0,0,2,49.4,17.2
102,460.0,2,14,1,1,0,2,56.4,25.2
101,135.0,5,8,1,2,1,2,100.0,37.4
104,345.0,1,22,0,2,2,1,59.6,31.3
105,245.0,6,13,1,1,0,1,68.4,16.7
102,460.0,4,13,0,0,1,0,43.6,9.0
101,135.0,3,11,0,2,0,1,51.9,6.0
104,345.0,5,15,1,1,0,2,85.1,25.1
102,460.0,5,16,1,3,0,1,71.1,16.7
102,460.0,3,15,1,2,0,2,62.5,29.6
104,345.0,4,17,0,1,0,1,86.4,10.8
105,245.0,6,7,1,1,0,1,80.2,10.2
101,135.0,5,15,1,3,0,1,55.2,16.0
102,460.0,4,14,0,3,0,2,40.4,20.2
102,460.0,6,17,1,1,0,1,89.6,18.5
102,460.0,0,14,0,3,0,0,53.6,0.0
104,345.0,3,11,0,1,1,0,35.9,8.2
101,135.0,2,16,0,2,0,0,48.5,0.0
103,160.0,1,13,0,0,0,0,50.3,0.0
102,460.0,2,14,0,2,0,0,65.3,0.4
104,345.0,1,10,0,2,1,0,66.0,14.1
101,135.0,0,10,0,3,0,2,40.8,20.6
105,245.0,5,12,1,1,0,1,48.0,11.0
103,160.0,1,12,0,1,2,0,37.1,23.9
102,460.0,5,20,1,3,0,2,51.3,24.1
105,245.0,3,12,0,0,1,1,39.0,17.7
101,135.0,4,20,0,3,0,0,36.4,0.0
102,460.0,0,6,0,0,0,2,46.5,19.7
102,460.0,6,10,1,2,0,1,72.2,7.6
101,135.0,1,10,0,2,0,1,51.4,11.3
104,345.0,5,13,1,2,0,1,72.2,15.0
102,460.0,0,6,1,1,0,1,55.9,17.8
103,160.0,0,10,1,0,0,1,47.3,15.1
105,245.0,3,16,0,3,0,2,42.0,21.9
105,245.0,2,6,0,2,0,1,52.5,8.2
103,160.0,1,19,0,2,0,0,76.3,4.6
104,345.0,0,8,0,3,1,1,77.6,12.5
104,345.0,5,11,1,0,1,1,55.9,18.5
104,345.0,5,18,1,0,1,0,80.4,6.2
105,245.0,1,11,0,0,0,0,44.9,3.7
103,160.0,0,15,0,3,0,0,50.9,0.0
103,160.0,0,10,0,1,1,3,39.6,47.1
101,135.0,1,20,0,1,1,0,49.7,10.5
102,460.0,2,12,0,0,0,1,48.7,8.0
101,135.0,6,9,1,3,0,1,78.6,18.9
104,345.0,2,19,0,2,0,0,84.3,0.0
102,460.0,5,19,1,3,1,2,78.1,29.4
101,135.0,0,22,0,3,0,3,56.6,42.4
104,345.0,1,15,1,0,1,0,51.6,8.1
104,345.0,1,22,0,1,1,1,42.4,17.0
105,245.0,2,11,0,0,0,1,48.0,14.8
104,345.0,2,15,0,3,0,0,48.2,0.0
103,160.0,1,19,0,3,0,1,76.4,12.6
103,160.0,6,11,1,0,1,0,58.0,13.9
101,135.0,3,9,0,3,0,1,65.4,11.8
102,460.0,4,18,0,2,0,1,95.1,17.9
102,460.0,1,16,0,1,0,2,54.0,22.4
103,160.0,4,8,0,3,0,2,56.4,24.4
105,245.0,5,12,1,1,0,1,55.6,22.7
103,160.0,4,20,0,3,0,1,53.2,11.8
104,345.0,3,21,0,2,0,1,62.6,12.9
104,345.0,2,20,0,1,0,1,44.3,9.6
103,160.0,3,19,0,3,0,0,69.5,8.8
103,160.0,6,10,1,3,0,1,50.0,16.0
105,245.0,1,22,0,2,0,2,58.1,14.7
105,245.0,2,14,0,1,1,2,49.1,25.4
102,460.0,4,8,1,3,0,2,85.8,25.4
104,345.0,5,13,1,3,0,1,59.6,17.4
105,245.0,5,16,1,1,0,0,58.2,8.1
102,460.0,0,17,0,0,0,0,70.8,0.0
101,135.0,2,11,1,2,0,1,72.5,16.5
105,245.0,1,16,0,1,0,3,51.4,33.2
102,460.0,4,21,0,0,1,3,40.1,48.9
101,135.0,6,5,1,0,0,1,71.5,15.6
101,135.0,0,6,1,1,1,1,63.2,19.3
101,135.0,1,14,0,3,0,1,52.6,7.9
104,345.0,2,14,0,2,1,0,51.3,7.5
104,345.0,5,19,1,0,0,0,97.7,8.1
101,135.0,6,6,1,1,0,0,70.1,5.6
104,345.0,6,22,1,0,2,0,45.4,27.6
104,345.0,0,8,0,3,1,1,70.5,19.6
102,460.0,3,10,0,2,0,1,77.3,10.5
105,245.0,3,20,0,3,1,3,38.1,47.4
101,135.0,6,17,1,0,0,1,78.1,16.1
105,245.0,0,7,0,0,1,0,72.3,8.8
104,345.0,4,13,0,1,0,2,34.4,23.2
102,460.0,5,7,1,1,0,1,80.5,13.8
101,135.0,2,19,0,2,0,1,90.0,8.7
103,160.0,5,19,1,0,0,1,94.6,11.6
104,345.0,6,11,1,3,0,2,67.0,21.0
104,345.0,1,19,0,2,0,2,93.7,18.5
104,345.0,3,21,0,2,0,2,63.9,21.0
103,160.0,6,6,1,1,0,1,58.1,12.0
103,160.0,3,21,1,3,0,3,63.1,39.9
103,160.0,2,14,0,3,0,3,37.5,40.3
101,135.0,3,19,0,3,0,1,68.2,9.0
101,135.0,3,18,0,2,0,1,76.8,10.4
104,345.0,1,13,0,1,1,0,44.2,8.5
101,135.0,5,16,1,3,1,1,50.2,24.4
105,245.0,2,16,1,0,0,0,55.9,7.7
104,345.0,5,19,1,2,1,1,100.0,25.9
104,345.0,0,8,0,3,0,1,87.4,9.5
102,460.0,1,13,0,2,0,2,63.5,20.6
103,160.0,3,14,0,0,0,1,24.9,5.7
104,345.0,0,17,0,0,0,0,78.7,0.3
101,135.0,5,14,1,1,0,2,66.8,23.3
105,245.0,2,11,0,2,0,1,51.3,5.5
104,345.0,2,16,0,0,0,1,52.4,8.4
104,345.0,1,9,1,2,0,1,94.0,16.7
104,345.0,5,5,1,1,0,1,67.4,15.3
104,345.0,1,19,0,1,0,1,79.4,4.8
102,460.0,5,22,1,0,0,2,55.1,26.1
102,460.0,4,10,0,1,0,0,31.4,0.1
101,135.0,6,17,1,0,0,1,95.1,12.4
101,135.0,5,15,1,2,0,1,74.1,18.2
104,345.0,1,7,0,3,1,1,76.3,11.8
102,460.0,2,8,0,3,0,0,61.2,1.4
101,135.0,0,19,0,0,0,1,73.5,14.0
101,135.0,5,9,1,3,0,3,100.0,40.6
105,245.0,1,9,0,3,0,3,66.5,36.7
103,160.0,2,14,0,1,1,1,49.5,16.1
105,245.0,4,14,0,2,1,1,44.7,12.5
104,345.0,4,9,0,0,0,2,68.2,23.7
102,460.0,1,17,0,0,0,1,75.1,8.5
104,345.0,2,5,0,3,2,0,40.8,23.7
105,245.0,0,7,0,3,0,2,83.8,19.1
104,345.0,4,21,0,1,0,3,47.0,38.4
105,245.0,6,16,1,1,1,0,54.7,16.6
102,460.0,3,10,1,2,0,0,71.6,11.9
102,460.0,3,10,0,1,1,1,27.9,26.4
102,460.0,0,18,0,3,1,2,74.4,27.3
101,135.0,3,17,0,0,0,0,61.2,0.0
105,245.0,4,19,0,2,0,2,82.6,23.2
105,245.0,3,6,0,2,0,3,64.6,38.5
103,160.0,0,8,0,0,0,0,71.4,2.4
103,160.0,1,12,0,1,0,1,39.6,9.6
103,160.0,2,18,0,0,0,0,64.3,3.0
102,460.0,1,20,0,1,0,1,37.0,7.7
103,160.0,6,18,1,2,1,1,84.7,21.6
101,135.0,5,17,1,0,0,2,89.8,22.5
102,460.0,1,8,0,3,0,1,57.5,9.3
105,245.0,6,8,1,2,0,1,100.0,17.4
101,135.0,3,21,0,2,0,2,62.6,24.8
101,135.0,6,22,1,1,0,1,54.7,14.1
101,135.0,2,13,0,3,0,2,44.1,21.9
104,345.0,2,9,1,2,0,1,100.0,17.8
102,460.0,6,15,1,0,0,0,63.2,7.5
101,135.0,4,16,0,0,0,3,22.3,37.1
102,460.0,5,7,1,3,1,0,67.7,18.0
102,460.0,0,13,0,1,1,0,52.8,13.8
102,460.0,0,12,0,1,0,3,46.1,36.0
101,135.0,3,15,0,0,1,2,37.6,27.3
102,460.0,5,17,1,3,1,1,78.1,25.6
104,345.0,5,15,1,1,0,1,68.4,12.8
101,135.0,3,16,1,0,0,1,51.0,13.6
105,245.0,0,5,0,2,0,1,58.3,10.2
103,160.0,0,15,0,2,1,1,44.2,14.5
103,160.0,4,13,0,1,0,1,39.4,9.9
102,460.0,0,9,0,3,0,3,68.4,35.0
103,160.0,1,16,0,0,0,2,36.1,20.7
105,245.0,3,19,0,2,0,1,80.1,11.4
104,345.0,0,19,1,1,0,0,76.3,6.5
102,460.0,5,6,1,0,1,3,65.2,49.6
102,460.0,5,14,1,2,0,0,60.6,6.2
103,160.0,3,5,1,2,1,2,72.4,33.0
103,160.0,4,22,0,2,0,0,50.4,6.0
101,135.0,2,15,0,1,2,1,48.3,31.6
104,345.0,6,5,1,0,0,1,59.9,19.7
101,135.0,4,14,0,3,1,0,35.0,10.8
104,345.0,1,12,0,1,0,0,61.8,1.3
102,460.0,3,13,0,2,1,3,46.2,39.2
105,245.0,5,7,1,2,0,1,91.5,17.4
104,345.0,4,22,0,1,1,2,48.9,29.0
105,245.0,1,5,0,1,0,0,58.5,0.4
103,160.0,4,7,0,2,0,1,80.5,12.8
104,345.0,6,14,1,1,0,1,55.6,11.9
104,345.0,5,8,1,2,0,1,100.0,16.2
105,245.0,3,6,0,3,0,0,45.9,5.2
104,345.0,6,17,1,1,0,1,79.8,15.4
105,245.0,0,14,0,2,0,1,62.4,6.6
101,135.0,4,17,0,1,1,2,63.2,24.2
101,135.0,5,20,1,1,0,0,62.0,11.7
101,135.0,2,14,0,2,0,1,63.2,5.8
101,135.0,0,8,0,2,0,2,82.3,17.1
101,135.0,2,8,0,2,1,1,79.4,22.4
101,135.0,6,11,1,0,0,2,55.5,21.7
104,345.0,3,7,1,0,0,1,85.0,17.0
103,160.0,1,19,0,3,0,1,69.5,11.4
104,345.0,2,10,0,0,0,1,43.6,4.2
105,245.0,5,7,1,3,0,2,81.2,22.4
102,460.0,5,9,1,1,0,1,85.6,13.1
105,245.0,2,9,0,0,1,1,72.1,19.8
103,160.0,0,22,0,2,0,0,53.0,0.0
101,135.0,4,11,0,1,1,2,48.4,26.5
101,135.0,0,12,1,0,2,0,63.1,27.1
101,135.0,4,22,0,0,0,1,46.4,7.9
102,460.0,0,7,0,3,0,1,72.3,6.8
103,160.0,4,19,0,2,0,1,74.9,9.7
102,460.0,5,6,1,1,0,1,66.6,19.6
101,135.0,2,8,0,1,1,2,68.3,27.8
104,345.0,1,17,0,0,0,2,75.6,20.2
102,460.0,3,13,0,1,0,0,44.8,8.3
103,160.0,5,22,1,2,0,2,74.1,25.9
103,160.0,0,21,0,0,0,1,47.9,11.7
101,135.0,0,18,0,3,1,1,58.7,15.9
101,135.0,2,20,1,3,0,2,58.9,17.8
105,245.0,5,7,1,0,0,3,92.8,39.7
101,135.0,0,10,0,2,0,1,59.4,12.2
103,160.0,4,6,0,2,0,2,83.1,19.8
103,160.0,4,19,1,1,0,2,74.7,26.3
105,245.0,2,8,0,0,1,1,59.9,19.4
105,245.0,4,9,0,3,0,2,74.6,22.9
103,160.0,3,9,1,3,0,1,67.8,16.6
102,460.0,3,17,0,3,1,2,58.9,31.3
102,460.0,6,20,1,0,1,0,56.2,17.1
101,135.0,5,9,1,0,0,1,83.3,14.9
101,135.0,4,19,0,0,0,1,47.9,8.7
105,245.0,1,9,0,1,0,1,62.1,4.7
102,460.0,2,18,1,2,0,0,100.0,8.3
103,160.0,5,19,1,3,0,1,72.3,9.4
103,160.0,2,14,0,1,0,1,53.1,9.3
102,460.0,4,20,0,3,0,0,37.8,0.8
102,460.0,0,11,1,1,1,0,38.5,14.8
101,135.0,5,21,1,2,0,1,83.7,18.0
104,345.0,0,13,0,0,0,2,42.2,19.2
101,135.0,6,18,1,2,1,2,90.6,31.8
101,135.0,1,20,0,3,1,1,49.0,17.1
104,345.0,3,21,1,1,0,3,59.5,40.3
103,160.0,5,18,1,2,0,1,93.4,14.6
103,160.0,2,15,0,3,0,0,49.8,4.0
101,135.0,3,12,0,1,1,2,45.7,31.2
101,135.0,2,9,0,3,0,0,71.2,1.6
105,245.0,1,21,0,2,0,1,58.5,12.8
102,460.0,3,14,0,2,0,0,48.3,0.0
103,160.0,1,16,0,2,0,0,49.7,6.6
102,460.0,6,22,1,0,0,1,60.8,14.8
105,245.0,0,17,0,0,0,0,57.8,3.9
105,245.0,6,19,1,2,2,2,100.0,47.4
101,135.0,3,12,1,2,0,1,79.8,16.1
101,135.0,5,12,1,2,2,2,68.2,46.9
105,245.0,5,20,1,3,0,1,62.9,15.9
105,245.0,2,7,0,3,0,0,69.7,1.6
103,160.0,5,15,1,3,0,0,70.7,8.9
103,160.0,1,7,0,0,1,1,71.2,17.1
103,160.0,2,6,0,2,0,1,54.5,12.9
102,460.0,6,9,1,0,2,3,93.9,63.6
104,345.0,5,18,1,2,1,1,98.6,24.0
101,135.0,2,13,1,1,0,1,50.4,16.1
104,345.0,5,22,1,0,1,0,58.6,10.2
104,345.0,5,10,1,3,2,2,69.5,45.9
102,460.0,3,15,0,3,0,1,46.7,12.2
103,160.0,6,20,1,2,0,1,74.0,15.6
101,135.0,2,9,0,2,0,1,79.2,7.4
105,245.0,6,16,1,3,1,1,71.5,22.8
104,345.0,1,6,0,1,0,0,43.0,1.3
103,160.0,4,12,1,3,0,2,50.4,21.9
104,345.0,1,11,0,3,0,0,49.8,0.3
102,460.0,5,6,1,2,0,2,73.9,21.8
103,160.0,3,20,0,2,0,1,64.3,8.4
102,460.0,4,6,0,0,0,1,46.4,6.9
101,135.0,3,22,0,0,0,1,41.6,13.1
103,160.0,1,20,0,3,0,1,45.3,14.0
105,245.0,0,18,0,3,2,2,63.0,42.9
104,345.0,4,7,0,0,0,2,81.1,25.6
101,135.0,5,18,1,1,0,0,94.4,7.6
105,245.0,5,13,1,0,1,0,62.4,15.1
104,345.0,3,17,0,3,0,1,69.8,7.3
102,460.0,2,17,0,3,0,0,69.4,4.7
101,135.0,3,20,0,1,0,1,54.4,8.9
105,245.0,2,20,0,3,0,1,57.3,9.5
105,245.0,6,5,1,0,1,0,59.6,12.7
101,135.0,6,16,1,1,1,0,61.8,15.5
103,160.0,1,15,0,2,1,0,62.5,14.5
102,460.0,5,9,1,2,0,2,91.4,21.4
101,135.0,4,6,0,2,0,1,48.2,11.6
104,345.0,1,10,0,2,0,1,55.0,11.9
105,245.0,3,21,0,2,0,2,51.4,18.7
103,160.0,3,5,1,3,1,2,56.3,28.5
104,345.0,5,16,1,2,0,1,72.7,6.0
102,460.0,5,14,1,3,1,1,52.4,27.2
102,460.0,6,22,1,2,0,0,70.8,4.2
102,460.0,5,7,1,0,1,2,84.5,28.1
104,345.0,5,19,1,1,0,1,92.3,15.3
104,345.0,6,8,1,0,1,1,90.9,22.9
102,460.0,1,21,1,2,1,0,63.0,21.2
103,160.0,4,10,0,0,1,2,52.1,31.5
103,160.0,3,16,1,1,1,1,47.5,23.1
104,345.0,1,13,1,1,0,1,56.7,20.7
105,245.0,6,5,1,2,0,2,70.0,25.4
103,160.0,4,20,0,2,0,1,59.3,9.1
105,245.0,5,7,1,2,0,1,100.0,17.1
105,245.0,2,10,0,1,0,1,44.8,8.5
104,345.0,5,10,1,1,2,1,57.3,35.5
104,345.0,6,19,1,2,0,1,87.2,17.0
103,160.0,1,20,1,3,0,1,56.3,14.1
104,345.0,4,10,0,1,0,0,48.7,0.0
104,345.0,5,8,1,3,0,1,82.7,13.1
103,160.0,6,13,1,1,1,2,61.8,34.1
101,135.0,2,14,0,1,0,1,51.2,11.7
105,245.0,6,9,1,3,1,1,90.9,21.4
102,460.0,1,19,0,3,0,2,72.7,19.2
103,160.0,1,15,0,3,2,1,38.1,33.8
103,160.0,5,5,1,3,0,1,58.6,10.9
102,460.0,0,13,0,1,0,0,48.6,0.0
101,135.0,3,6,0,3,0,2,52.5,23.3
101,135.0,0,18,0,3,0,0,73.9,0.9
104,345.0,0,14,0,2,0,1,54.1,9.8
102,460.0,5,16,1,2,0,1,74.8,14.8
102,460.0,1,19,0,2,0,1,72.7,9.1
105,245.0,0,8,0,0,0,0,71.1,0.5
105,245.0,5,20,1,2,0,1,56.5,13.0
104,345.0,6,18,1,0,0,2,80.1,26.4
104,345.0,0,10,0,1,0,1,57.5,7.4
105,245.0,2,8,0,3,0,0,72.4,0.0
104,345.0,6,19,1,0,0,0,86.0,5.9
103,160.0,4,8,0,1,0,1,61.7,10.0
102,460.0,5,7,1,0,0,3,82.1,46.5
102,460.0,1,6,0,0,0,1,44.5,8.9
101,135.0,2,8,0,2,1,0,74.4,7.0
102,460.0,6,6,1,3,0,0,56.4,9.7
102,460.0,2,21,0,0,0,1,31.7,8.4
101,135.0,4,14,0,3,0,1,35.0,12.3
105,245.0,5,22,1,0,2,0,47.2,32.1
101,135.0,3,13,0,0,0,0,36.4,7.7
104,345.0,3,6,0,1,0,2,35.7,21.0
105,245.0,1,18,1,1,0,2,92.0,27.1
105,245.0,3,5,0,3,1,0,50.2,5.6
103,160.0,5,11,1,1,0,2,61.6,24.3
101,135.0,0,19,0,0,0,1,77.1,12.2
103,160.0,0,7,0,2,0,0,92.7,2.7
102,460.0,4,9,0,0,0,1,63.6,9.4
103,160.0,3,18,0,2,0,1,95.4,7.2
105,245.0,2,5,0,2,0,0,44.4,3.4
104,345.0,2,10,1,2,0,0,68.3,1.8
105,245.0,4,15,0,3,0,1,37.1,6.8
105,245.0,3,13,1,2,1,3,66.0,48.9
103,160.0,1,14,0,1,0,0,57.6,0.0
101,135.0,1,5,0,3,0,1,56.2,6.0
105,245.0,3,16,0,1,0,2,58.8,20.7
101,135.0,4,8,0,0,0,1,76.5,3.7
105,245.0,6,22,1,2,0,2,65.6,24.8
103,160.0,5,21,1,1,0,1,45.6,10.9
105,245.0,5,10,1,0,1,1,79.6,20.4
105,245.0,1,10,0,0,0,1,49.0,7.8
103,160.0,5,8,1,1,0,0,82.4,5.5
104,345.0,1,15,0,1,0,0,46.3,5.1
103,160.0,2,8,0,2,1,2,91.6,28.0
103,160.0,1,16,0,3,1,0,49.5,6.6
103,160.0,4,22,0,0,0,2,48.2,18.5
103,160.0,6,13,1,3,1,0,58.6,10.8
104,345.0,6,16,1,2,0,1,74.9,15.7
104,345.0,2,15,0,1,0,1,44.5,12.2
101,135.0,4,20,0,2,0,0,65.8,7.8
105,245.0,5,9,1,1,0,2,67.6,27.2
105,245.0,2,19,1,1,0,1,84.0,13.3
105,245.0,4,7,0,2,0,1,90.4,18.3
103,160.0,0,18,0,0,1,2,48.8,31.1
102,460.0,2,20,0,3,0,2,51.3,23.3
104,345.0,0,15,0,0,1,0,52.8,2.7
102,460.0,2,19,0,3,0,1,70.9,11.5
105,245.0,4,9,1,1,0,0,77.5,7.6
104,345.0,6,17,1,0,0,2,94.6,21.7
105,245.0,3,13,0,2,2,0,52.2,25.2
104,345.0,3,5,0,2,0,0,52.6,8.2
105,245.0,5,20,1,2,0,0,82.9,3.5
103,160.0,2,17,0,2,0,1,77.1,7.0
104,345.0,1,19,1,1,0,0,76.7,10.7
105,245.0,4,12,0,0,0,1,37.6,11.7
102,460.0,1,13,0,0,0,0,39.6,1.1
103,160.0,6,7,1,2,0,1,100.0,7.5
101,135.0,3,17,0,1,0,2,80.0,21.2
103,160.0,0,20,0,0,0,0,38.3,0.1
102,460.0,1,17,0,1,0,2,74.5,17.6
102,460.0,5,22,1,3,0,1,68.0,14.1
105,245.0,0,8,0,2,0,2,100.0,15.6
102,460.0,6,6,1,3,2,1,65.2,33.9
101,135.0,5,15,1,0,0,0,45.5,3.8
104,345.0,0,11,0,3,1,1,32.7,12.8
105,245.0,6,22,1,2,0,1,76.2,19.9
102,460.0,6,10,1,2,0,1,65.3,17.3
103,160.0,3,19,0,3,1,1,73.4,17.8
101,135.0,2,10,0,1,0,0,37.1,1.9
102,460.0,3,20,0,1,0,2,47.5,21.2
104,345.0,0,10,0,2,1,1,58.2,15.8
103,160.0,1,6,1,2,1,0,71.0,15.0
103,160.0,2,20,0,2,1,3,50.9,44.5
104,345.0,2,7,0,3,1,3,69.5,43.9
101,135.0,2,15,0,0,0,1,64.9,10.8
103,160.0,4,20,0,3,1,1,59.8,16.2
105,245.0,6,21,1,3,0,1,60.6,15.6
104,345.0,6,12,1,1,1,0,55.8,18.1
104,345.0,0,17,0,1,0,1,67.0,8.9
105,245.0,6,10,1,2,0,0,80.0,12.1
105,245.0,3,7,0,1,0,1,56.8,9.1
102,460.0,3,11,0,1,0,2,53.9,14.2
101,135.0,4,14,0,0,0,1,51.6,8.3
105,245.0,5,18,1,2,1,1,97.3,18.9
102,460.0,2,15,0,0,0,0,55.0,0.7
105,245.0,0,9,0,0,0,2,68.3,24.5
103,160.0,6,22,1,3,0,2,58.1,27.7
102,460.0,2,18,0,2,0,0,77.8,5.1
103,160.0,5,12,1,0,0,1,57.7,11.1
101,135.0,6,7,1,0,1,2,68.4,31.7
102,460.0,0,20,0,1,0,1,48.7,8.3
103,160.0,6,16,1,1,0,2,53.6,25.3
103,160.0,0,20,0,0,0,0,42.3,2.0
103,160.0,6,11,1,2,0,2,89.1,21.2
102,460.0,1,22,0,0,1,1,59.0,14.2
105,245.0,1,10,0,1,0,0,43.9,3.2
104,345.0,4,9,1,2,1,1,93.5,29.0
105,245.0,1,7,0,2,0,1,95.3,10.6
102,460.0,6,22,1,0,0,1,48.8,19.0
102,460.0,1,8,0,3,0,0,63.7,0.0
104,345.0,0,19,0,3,0,1,65.8,11.5
104,345.0,1,11,0,0,0,0,36.1,5.4
102,460.0,0,9,0,0,0,0,66.4,0.0
101,135.0,4,6,0,3,0,1,47.6,15.0
105,245.0,1,17,0,1,0,2,61.2,15.6
101,135.0,4,8,0,3,0,1,68.8,9.0
103,160.0,6,9,1,1,1,1,87.4,21.7
102,460.0,4,7,0,1,0,0,55.6,0.0
103,160.0,2,21,0,2,2,2,43.7,43.1
104,345.0,4,5,1,1,0,1,51.8,22.2
104,345.0,6,13,1,1,0,0,59.1,12.0
103,160.0,3,8,0,2,0,2,100.0,22.0
102,460.0,3,20,1,1,0,1,51.4,10.2
104,345.0,1,18,0,3,0,2,56.2,17.8
104,345.0,4,18,1,3,0,0,87.9,10.3
105,245.0,2,12,0,3,0,0,56.0,0.0
103,160.0,1,9,0,0,0,0,71.2,0.0
105,245.0,0,15,0,1,0,1,45.4,12.3
102,460.0,0,14,0,0,1,2,39.4,26.9
102,460.0,4,6,0,1,1,1,38.3,18.8
105,245.0,2,15,0,2,0,1,51.5,8.7
104,345.0,1,20,0,0,0,1,48.4,11.8
105,245.0,3,22,1,3,1,1,69.5,19.4
105,245.0,3,16,0,1,0,1,44.2,15.1
102,460.0,4,10,0,1,0,1,50.6,12.4
104,345.0,3,20,1,1,0,2,60.9,23.0
103,160.0,6,6,1,3,1,0,59.4,12.3
105,245.0,1,22,1,0,0,1,73.5,20.5
105,245.0,5,16,1,2,1,3,84.8,51.4
104,345.0,1,22,0,2,0,0,49.4,1.4
102,460.0,0,20,0,1,0,1,45.7,5.4
102,460.0,1,16,0,3,2,1,39.1,30.5
105,245.0,6,16,1,3,0,2,61.1,21.3
103,160.0,1,17,0,1,0,0,71.5,2.9
103,160.0,6,19,1,0,0,0,87.5,7.4
105,245.0,4,20,0,0,2,0,42.7,20.9
105,245.0,6,8,1,2,0,0,100.0,6.3
101,135.0,3,13,0,1,0,1,43.1,6.0
105,245.0,1,18,1,1,0,1,93.1,17.3
103,160.0,1,15,0,1,0,1,39.1,8.1
104,345.0,6,22,1,3,2,1,57.6,39.1
105,245.0,4,22,0,1,0,1,40.3,14.3
101,135.0,6,17,1,3,0,0,83.1,1.3
102,460.0,0,20,0,3,0,2,47.5,16.7
104,345.0,0,13,0,2,0,1,54.7,10.3
103,160.0,2,6,0,0,0,1,48.1,10.9
104,345.0,5,16,1,2,0,0,71.5,10.4
101,135.0,3,8,0,2,0,0,75.2,0.0
101,135.0,1,9,0,1,0,0,84.6,2.3
103,160.0,4,16,0,3,0,1,29.2,8.5
105,245.0,1,14,0,2,2,0,59.2,20.5
105,245.0,5,21,1,0,0,0,65.4,6.6
103,160.0,6,8,1,0,1,2,95.3,24.7
102,460.0,3,14,0,0,1,1,50.4,17.5
104,345.0,3,10,0,3,0,1,47.6,9.6
103,160.0,0,5,0,1,0,0,43.4,0.0
105,245.0,6,16,1,0,0,1,48.3,13.1
101,135.0,6,13,1,1,1,1,75.6,25.7
103,160.0,3,13,1,2,0,1,65.7,17.1
102,460.0,4,11,0,3,0,0,40.9,1.1
105,245.0,1,14,0,3,0,2,46.4,13.7
103,160.0,2,17,0,0,0,2,65.6,18.8
104,345.0,5,22,1,3,0,2,61.7,21.7
104,345.0,5,6,1,1,0,0,73.1,8.8
103,160.0,2,22,0,3,0,2,50.8,19.0
102,460.0,2,18,0,2,0,0,85.3,0.2
104,345.0,1,9,0,1,0,3,59.4,30.6
104,345.0,1,21,0,1,0,2,44.4,12.8
102,460.0,5,22,1,1,0,1,67.7,16.7
105,245.0,1,7,0,1,2,0,65.5,18.6
105,245.0,1,8,1,3,0,0,98.2,4.8
103,160.0,4,10,0,2,0,1,65.7,7.0
103,160.0,6,16,1,0,1,2,71.2,28.9
101,135.0,2,21,0,0,1,0,46.8,8.4
103,160.0,6,7,1,1,2,2,86.3,42.2
105,245.0,1,5,0,1,0,0,28.5,1.0
103,160.0,5,11,1,1,0,1,44.3,14.8
101,135.0,6,6,1,0,0,0,50.1,6.5
103,160.0,5,10,1,3,1,0,68.3,15.3
105,245.0,0,5,0,2,0,2,41.8,20.0
102,460.0,2,20,0,2,0,0,38.0,8.1
103,160.0,4,11,0,3,0,1,34.7,11.7
102,460.0,6,10,1,3,0,2,55.0,26.0
101,135.0,4,11,0,2,1,1,43.1,13.8
102,460.0,2,8,0,1,1,1,56.8,17.8
101,135.0,0,15,0,2,0,0,58.1,0.0
102,460.0,4,13,0,3,1,2,39.4,22.4
105,245.0,0,19,0,0,2,1,74.6,32.2
102,460.0,5,16,1,0,0,1,60.8,13.6
104,345.0,6,17,1,2,0,2,97.1,30.2
103,160.0,5,18,1,3,0,1,83.3,18.5
101,135.0,4,20,0,1,1,1,41.0,15.5
105,245.0,5,11,1,3,0,1,58.7,14.3
105,245.0,0,13,0,2,0,0,63.0,6.2
104,345.0,6,9,1,1,0,0,88.1,4.6
105,245.0,2,5,1,1,0,0,62.6,10.9
105,245.0,1,22,0,3,0,1,44.2,10.7
101,135.0,0,5,1,0,0,0,53.2,8.7
104,345.0,4,17,0,2,1,3,76.6,42.1
103,160.0,0,19,0,0,0,2,77.1,20.0
105,245.0,2,17,0,1,2,2,56.7,39.1
101,135.0,1,5,1,2,0,1,74.0,10.5
105,245.0,3,17,0,3,0,2,76.7,14.5
102,460.0,2,5,1,2,0,1,68.1,18.2
101,135.0,1,6,0,3,0,0,48.4,0.0
103,160.0,0,18,0,1,0,1,61.3,12.4
104,345.0,1,13,0,0,1,1,32.9,16.8
104,345.0,2,9,0,1,0,2,66.2,26.9
102,460.0,0,22,0,2,0,2,47.7,23.2
102,460.0,0,21,0,3,1,3,43.7,44.6
105,245.0,1,22,0,3,1,3,39.5,41.5
101,135.0,3,9,1,1,1,0,80.9,11.5
102,460.0,3,7,0,0,0,1,70.2,10.3
101,135.0,2,17,0,2,1,0,83.7,6.0
102,460.0,1,17,0,1,0,1,70.0,15.0
103,160.0,4,7,0,1,1,1,77.0,16.3
104,345.0,0,8,0,2,1,0,79.6,9.2
104,345.0,5,22,1,0,0,1,71.5,13.5
103,160.0,6,12,1,2,0,1,71.9,14.7
101,135.0,0,9,0,2,2,1,78.1,26.8
102,460.0,3,9,0,0,0,2,65.2,25.8
103,160.0,1,22,1,1,0,3,43.9,33.5
102,460.0,0,10,0,1,0,1,51.4,14.4
101,135.0,6,10,1,1,2,1,65.6,41.5
102,460.0,0,17,0,1,1,0,67.4,5.5
105,245.0,1,6,1,2,0,3,62.1,44.9
101,135.0,2,7,0,0,0,1,76.6,7.1
105,245.0,0,22,1,0,0,0,67.2,10.4
105,245.0,2,20,0,3,0,2,38.6,19.2
103,160.0,1,6,0,2,0,3,67.2,39.4
101,135.0,4,7,0,1,0,2,66.8,23.7
102,460.0,2,10,0,3,0,2,40.1,21.8
105,245.0,0,15,0,2,0,1,72.0,12.9
105,245.0,2,15,1,1,0,0,61.0,5.3
102,460.0,4,17,0,3,0,0,70.3,8.0
102,460.0,5,13,1,0,0,2,63.9,21.1
101,135.0,2,7,0,0,0,0,74.9,2.5
105,245.0,5,5,1,1,0,2,52.9,21.9
102,460.0,6,18,1,1,0,2,88.1,23.0
102,460.0,4,22,0,0,0,0,50.4,3.2
101,135.0,1,11,0,0,0,1,49.0,7.5
105,245.0,5,19,1,0,0,1,74.0,11.0
105,245.0,3,11,0,1,0,2,42.3,23.5
101,135.0,4,21,0,1,1,1,39.1,16.1
102,460.0,4,15,0,1,0,1,50.3,7.0
103,160.0,1,20,0,3,0,1,35.4,7.2
101,135.0,5,6,1,0,0,1,54.6,18.5
101,135.0,4,10,0,2,0,2,59.5,19.3
102,460.0,6,14,1,1,0,0,59.5,7.7
104,345.0,1,18,0,1,0,1,58.6,10.4
104,345.0,2,15,0,2,1,1,52.4,18.0
103,160.0,4,9,0,1,0,1,82.1,13.9
102,460.0,5,15,1,1,0,2,55.5,26.4
102,460.0,5,14,1,2,0,1,76.4,12.6
104,345.0,2,11,0,1,0,0,42.8,2.8
104,345.0,1,17,0,3,0,1,65.7,10.5
103,160.0,6,6,1,1,0,0,55.1,4.0
105,245.0,0,11,1,1,0,2,54.5,27.9
103,160.0,1,9,1,1,1,2,78.2,33.4
101,135.0,1,16,1,2,0,1,78.0,14.5
102,460.0,2,14,0,1,0,2,50.7,21.0
105,245.0,3,8,0,0,0,1,67.6,10.1
105,245.0,1,11,0,3,1,1,45.4,10.3
104,345.0,4,7,0,2,0,2,92.8,23.9
103,160.0,6,11,1,2,0,1,78.9,17.4
102,460.0,0,20,0,0,0,0,34.7,1.6
103,160.0,1,8,0,2,1,1,97.5,9.0
105,245.0,0,22,0,1,0,2,50.8,19.1
103,160.0,5,6,1,1,0,2,71.2,29.8
104,345.0,6,12,1,3,1,1,62.6,17.8
105,245.0,0,12,0,1,0,1,53.1,6.4
102,460.0,5,15,1,2,0,2,63.9,18.7
103,160.0,3,12,0,2,1,1,73.3,17.9
105,245.0,0,5,0,0,0,1,47.0,8.3
103,160.0,0,17,0,0,0,1,60.2,13.4
103,160.0,3,14,1,0,2,1,55.7,30.2
101,135.0,5,8,1,3,0,1,93.4,16.5
104,345.0,3,20,0,0,2,1,40.6,30.1
102,460.0,5,20,1,0,0,2,56.2,25.6
104,345.0,0,6,0,0,0,2,45.5,26.9
101,135.0,3,14,0,0,0,1,47.3,16.0
105,245.0,4,9,0,2,0,0,90.3,6.1
103,160.0,5,17,1,2,0,0,100.0,5.4
101,135.0,1,16,0,1,1,1,44.1,19.4
103,160.0,5,22,1,0,0,1,59.5,13.9
105,245.0,0,8,1,3,0,0,82.0,4.8
104,345.0,0,11,0,3,0,2,41.9,17.4
101,135.0,5,9,1,3,1,1,89.6,19.7
102,460.0,0,16,1,1,0,1,46.1,15.7
103,160.0,3,18,0,1,2,1,56.3,28.3
104,345.0,1,22,0,0,0,1,39.9,10.4
105,245.0,2,10,0,0,0,1,38.9,10.2
103,160.0,0,8,0,3,1,1,70.3,19.4
104,345.0,4,12,0,1,0,1,44.5,4.7
103,160.0,6,21,1,0,0,1,57.4,12.2
101,135.0,6,14,1,1,0,3,49.8,44.8
104,345.0,0,17,0,1,1,0,80.8,11.1
101,135.0,2,6,0,2,0,3,62.1,37.8
105,245.0,3,11,0,0,1,0,42.3,6.7
102,460.0,6,11,1,2,1,1,62.2,23.3
101,135.0,0,9,0,1,0,0,71.1,10.8
102,460.0,1,15,0,0,0,0,48.5,0.0
105,245.0,3,9,0,0,0,0,60.8,2.8
104,345.0,5,17,1,2,0,1,100.0,15.7
104,345.0,4,12,0,0,0,2,45.0,23.2
101,135.0,2,17,1,1,0,1,89.4,12.3
103,160.0,6,21,1,3,1,0,62.4,14.6
101,135.0,4,15,0,1,0,0,50.8,2.2
103,160.0,6,17,1,0,0,1,80.9,11.4
102,460.0,2,20,0,1,0,1,41.6,11.2
104,345.0,5,15,1,1,0,1,63.2,12.4
102,460.0,0,13,0,2,0,1,48.2,12.1
103,160.0,6,10,1,2,0,0,65.3,8.8
101,135.0,1,22,1,1,0,1,75.1,10.3
103,160.0,1,11,0,1,0,1,54.1,8.4
105,245.0,3,8,0,1,0,2,77.0,16.0
104,345.0,4,15,1,2,0,1,80.6,15.2
102,460.0,5,18,1,2,1,1,85.2,18.2
103,160.0,2,14,0,1,0,0,43.8,0.0
102,460.0,2,5,0,1,0,1,41.1,5.8
101,135.0,0,13,0,2,0,2,55.3,19.1
102,460.0,3,14,0,0,0,1,43.4,5.2
101,135.0,2,9,0,1,0,1,67.9,8.0
105,245.0,4,5,0,2,0,0,55.5,3.6
104,345.0,4,8,0,0,0,0,71.4,0.0
101,135.0,6,14,1,0,0,1,60.4,12.0
104,345.0,0,13,0,1,2,0,38.8,20.5
105,245.0,6,6,1,0,0,1,48.3,17.1
104,345.0,4,8,0,1,0,2,76.4,14.9
102,460.0,0,11,0,2,0,1,60.3,11.1
102,460.0,6,14,1,0,0,1,53.0,12.4
105,245.0,2,21,0,0,0,1,49.6,3.4
101,135.0,6,13,1,0,0,0,68.4,8.7
102,460.0,4,5,0,1,1,1,49.3,18.7
102,460.0,2,14,0,1,0,0,36.5,2.1
101,135.0,4,12,0,0,0,1,43.5,11.7
103,160.0,6,10,1,0,0,1,72.7,17.0
102,460.0,1,13,0,2,0,1,51.4,10.5
102,460.0,6,20,1,2,1,0,80.7,9.6
101,135.0,2,11,1,1,1,2,54.4,30.1
105,245.0,0,6,0,0,2,1,46.7,27.8
102,460.0,2,13,0,1,0,2,52.0,17.7
101,135.0,1,8,0,1,0,2,87.0,19.3
101,135.0,2,22,0,1,0,2,38.8,14.7
105,245.0,2,12,1,2,1,2,61.3,29.5
103,160.0,0,16,0,2,1,1,67.9,15.1
104,345.0,2,16,0,2,1,2,59.4,26.2
104,345.0,3,15,1,0,0,0,65.5,8.3
102,460.0,4,11,0,2,0,1,57.7,8.2
102,460.0,1,17,0,0,0,0,68.4,0.8
105,245.0,5,19,1,1,0,2,84.4,22.3
104,345.0,5,20,1,0,0,3,40.9,44.2
103,160.0,3,19,0,3,0,2,81.3,16.4
104,345.0,1,18,0,1,0,1,82.7,8.8
101,135.0,3,6,0,0,1,2,41.1,29.5
105,245.0,0,12,0,3,1,2,55.6,23.9
104,345.0,1,19,0,2,0,2,87.8,16.5
103,160.0,0,9,0,0,0,1,60.8,12.4
101,135.0,1,13,0,1,0,0,51.0,0.0
102,460.0,6,13,1,2,0,0,71.8,7.4
104,345.0,2,13,0,3,0,1,41.7,11.9
105,245.0,0,15,0,1,1,0,53.2,11.0
101,135.0,0,12,0,0,1,1,36.6,16.9
101,135.0,1,18,0,1,1,2,86.1,27.7
105,245.0,6,19,1,1,0,2,82.4,25.0
104,345.0,5,14,1,3,0,1,73.1,16.2
104,345.0,6,17,1,3,0,1,70.5,15.6
102,460.0,0,13,0,3,0,0,36.2,0.0
105,245.0,1,19,0,0,2,1,65.3,27.1
102,460.0,0,14,0,0,0,1,43.6,12.3
105,245.0,3,9,0,3,0,0,64.7,3.0
105,245.0,4,12,0,3,0,0,34.6,1.7
102,460.0,6,22,1,1,0,2,66.9,27.2
103,160.0,0,6,0,2,0,2,50.5,20.0
104,345.0,2,5,0,0,1,0,45.6,13.0
104,345.0,0,9,0,1,0,1,78.6,13.0
103,160.0,4,10,0,1,0,1,42.8,12.6
103,160.0,1,17,0,3,0,1,66.8,7.6
104,345.0,1,7,0,0,0,0,76.4,4.4
103,160.0,6,8,1,2,0,0,100.0,11.1
102,460.0,5,18,1,2,0,0,83.3,2.9
102,460.0,6,6,1,3,0,2,57.8,25.6
105,245.0,0,21,0,2,0,3,69.3,30.1
102,460.0,5,13,1,0,1,1,59.8,21.3
104,345.0,1,13,0,3,0,1,48.0,12.6
102,460.0,5,20,1,1,0,2,59.8,22.9
102,460.0,0,8,0,0,1,2,59.4,31.9
101,135.0,3,19,0,0,0,0,74.5,0.0
105,245.0,5,9,1,1,0,1,78.5,20.7
105,245.0,0,5,0,1,0,0,45.6,5.1
101,135.0,5,21,1,0,1,2,56.9,32.6
101,135.0,0,5,0,1,1,1,47.2,16.7
101,135.0,0,18,0,0,0,0,77.0,0.0
102,460.0,3,21,1,1,0,2,52.5,25.8
101,135.0,5,16,1,0,0,0,64.7,9.3
105,245.0,1,16,0,3,0,0,55.3,2.1
101,135.0,4,15,0,0,0,1,47.4,14.4
101,135.0,2,8,0,0,0,2,72.4,19.3
104,345.0,0,16,0,0,0,1,46.0,9.6
103,160.0,4,20,0,1,0,0,31.3,0.0
101,135.0,6,7,1,0,0,0,75.0,6.2
102,460.0,4,6,0,2,0,2,56.8,19.8
105,245.0,5,18,1,3,0,2,76.0,28.2
101,135.0,6,16,1,1,0,1,50.6,25.8
101,135.0,0,11,0,2,0,1,65.7,6.6
103,160.0,3,7,0,3,0,1,59.4,9.3
104,345.0,4,8,0,3,0,1,60.1,12.9
103,160.0,4,16,0,2,0,0,51.8,0.8
102,460.0,1,8,0,1,0,1,73.9,15.3
104,345.0,4,9,1,0,1,1,84.7,28.1
105,245.0,6,7,1,0,0,3,87.8,45.2
103,160.0,5,16,1,0,1,2,64.1,34.6
101,135.0,4,9,1,3,0,1,91.4,16.3
102,460.0,0,17,0,1,0,1,71.8,8.7
105,245.0,0,6,0,0,2,2,37.8,41.6
104,345.0,1,11,0,0,0,1,55.0,10.5
101,135.0,0,9,0,1,1,1,78.0,12.2
101,135.0,3,20,0,2,2,2,40.1,39.5
102,460.0,3,5,0,2,0,1,59.6,10.3
102,460.0,5,7,1,1,0,1,82.2,14.4
103,160.0,0,19,1,0,1,1,80.2,25.5
102,460.0,4,13,0,0,0,1,50.6,8.4
103,160.0,6,22,1,3,1,1,66.6,18.5
103,160.0,4,8,0,1,1,0,58.4,12.8
105,245.0,3,15,0,3,0,1,56.8,12.6
104,345.0,2,15,0,3,0,1,52.6,13.5
103,160.0,0,16,0,3,0,2,36.3,26.3
101,135.0,6,9,1,1,2,2,81.2,48.5
102,460.0,0,9,0,2,0,1,79.7,11.9
101,135.0,6,20,1,2,0,0,64.5,5.4
101,135.0,5,20,1,3,0,2,55.0,25.8
103,160.0,2,5,0,1,0,0,37.6,1.3
103,160.0,3,17,0,1,1,2,77.6,27.4
105,245.0,0,6,0,0,0,1,33.6,10.2
101,135.0,3,6,0,1,0,0,49.7,4.2
101,135.0,3,8,1,2,0,1,97.9,13.8
105,245.0,4,21,0,1,0,1,51.0,11.2
105,245.0,4,17,0,3,0,1,82.3,11.4
105,245.0,4,17,0,3,1,1,67.1,24.2
105,245.0,5,11,1,2,0,1,69.3,16.6
104,345.0,2,19,1,2,0,1,86.8,12.3
101,135.0,4,9,1,2,0,0,97.4,5.6
104,345.0,5,13,1,1,0,0,55.0,7.3
103,160.0,5,6,1,0,0,1,66.0,15.4
103,160.0,0,15,0,1,0,0,50.6,2.7
103,160.0,2,12,1,3,0,0,52.5,0.7
104,345.0,3,6,0,3,0,1,43.3,6.9
101,135.0,1,18,0,0,0,1,75.5,10.4
105,245.0,0,11,0,3,1,2,34.3,30.7
105,245.0,5,5,1,0,0,0,68.7,5.3
103,160.0,4,17,0,1,0,2,52.9,19.6
105,245.0,4,5,0,0,0,1,55.3,12.6
103,160.0,3,10,0,0,0,0,50.8,3.3
104,345.0,2,7,0,2,0,0,70.1,0.9
105,245.0,2,6,0,0,0,1,45.4,11.8
102,460.0,5,7,1,2,0,1,85.2,10.0
104,345.0,1,8,1,0,0,1,97.7,17.6
101,135.0,5,18,1,2,0,0,100.0,6.6
103,160.0,5,20,1,0,0,1,67.9,17.0
103,160.0,2,9,0,3,0,1,68.2,12.9
102,460.0,4,16,0,3,2,0,34.9,17.9
102,460.0,2,11,0,2,0,2,56.7,19.1
104,345.0,0,10,1,2,0,1,69.9,23.6
103,160.0,6,15,1,0,0,0,71.4,7.1
104,345.0,4,7,0,0,2,1,56.1,25.2
101,135.0,2,17,0,0,2,0,66.3,25.9
103,160.0,5,15,1,0,0,1,57.6,19.6
105,245.0,2,10,0,3,2,0,35.8,18.6
103,160.0,0,22,0,2,0,0,49.7,5.5
104,345.0,6,10,1,2,0,1,68.9,8.4
102,460.0,5,13,1,0,0,0,71.3,9.3
103,160.0,4,6,0,2,0,1,61.6,11.5
102,460.0,6,11,1,1,1,1,65.2,22.5
105,245.0,2,7,0,2,1,1,79.7,16.8
105,245.0,6,9,1,2,0,1,80.8,14.4
105,245.0,2,12,0,0,0,2,54.1,26.2
102,460.0,1,7,0,3,0,1,62.8,13.2
103,160.0,4,21,0,0,0,0,41.7,2.5
104,345.0,0,17,0,3,0,2,88.6,18.4
102,460.0,3,14,0,2,0,1,70.1,9.1
102,460.0,4,12,0,2,0,1,53.5,9.1
105,245.0,5,7,1,2,1,1,96.5,20.0
102,460.0,1,19,1,0,0,1,92.8,16.9
101,135.0,2,10,0,0,0,1,34.2,12.2
103,160.0,4,9,0,1,0,1,87.2,5.4
102,460.0,2,6,0,1,0,2,50.0,15.7
102,460.0,6,14,1,2,0,2,76.0,25.9
104,345.0,2,5,0,1,0,2,43.6,23.3
105,245.0,5,15,1,2,0,0,88.5,2.7
103,160.0,1,16,0,3,2,2,44.4,41.5
104,345.0,1,22,0,3,1,0,28.5,8.4
102,460.0,6,13,1,3,0,2,54.0,24.1
103,160.0,1,8,0,0,0,1,81.7,9.6
105,245.0,2,8,0,0,0,0,72.9,0.0
103,160.0,1,10,0,0,0,1,43.1,11.6
101,135.0,2,22,0,3,1,0,45.0,14.6
102,460.0,3,10,0,3,0,1,59.4,9.8
101,135.0,6,11,1,2,0,1,76.1,13.5
102,460.0,1,12,0,2,0,0,63.3,0.0
105,245.0,0,19,1,0,0,0,73.5,7.3
105,245.0,1,14,1,1,0,1,55.8,11.3
105,245.0,4,20,1,1,0,2,58.2,22.2
102,460.0,5,21,1,2,0,2,65.7,29.1
102,460.0,2,19,0,1,1,2,66.0,25.0
101,135.0,1,7,0,2,0,1,70.5,10.4
105,245.0,6,9,1,1,0,1,71.0,12.2
105,245.0,2,9,0,2,1,2,90.5,26.2
101,135.0,6,12,1,3,0,1,67.2,10.0
104,345.0,3,9,0,2,0,2,73.1,20.0
105,245.0,0,8,0,2,0,0,72.5,3.2
101,135.0,6,20,1,1,0,2,57.3,24.9
105,245.0,3,14,0,3,0,0,49.6,3.4
103,160.0,4,12,0,1,1,2,52.0,24.0
105,245.0,3,5,0,1,2,2,49.0,43.8
103,160.0,1,17,0,2,0,0,85.1,3.7
104,345.0,6,11,1,3,0,1,59.1,18.3
105,245.0,5,17,1,0,0,2,61.1,21.7
101,135.0,1,15,0,0,0,1,62.1,8.6
103,160.0,3,13,0,0,0,1,47.0,4.6
103,160.0,0,20,0,1,0,1,47.0,10.2
101,135.0,5,11,1,0,0,1,66.5,21.9
102,460.0,5,6,1,2,0,0,61.8,3.5
103,160.0,6,16,1,2,0,3,79.8,36.9
103,160.0,5,11,1,3,2,1,65.5,37.9
103,160.0,4,20,0,0,0,2,41.7,23.0
105,245.0,3,10,1,0,0,0,43.0,8.0
104,345.0,6,7,1,3,2,2,77.6,43.5
101,135.0,2,9,0,3,0,0,66.9,0.0
103,160.0,2,9,1,3,0,0,79.6,7.4
104,345.0,5,17,1,3,0,1,85.8,14.5
105,245.0,0,14,0,1,0,3,36.4,34.6
102,460.0,6,19,1,2,0,2,98.8,26.1
102,460.0,2,5,0,0,2,2,51.7,38.1
103,160.0,4,11,0,2,0,0,51.2,0.0
104,345.0,3,17,0,2,0,0,92.5,5.9
105,245.0,5,17,1,0,0,1,85.7,15.2
105,245.0,4,5,0,3,0,0,62.0,5.2
102,460.0,5,10,1,0,0,3,69.1,41.5
105,245.0,3,20,0,0,1,1,43.7,20.6
105,245.0,4,10,1,1,0,1,65.5,18.2
101,135.0,6,19,1,0,0,1,82.5,14.0
104,345.0,4,6,0,3,1,0,47.2,12.2
104,345.0,5,20,1,1,1,0,55.4,13.4
102,460.0,3,20,1,2,0,0,64.9,12.4
101,135.0,4,15,0,0,1,2,31.3,25.8
101,135.0,5,8,1,1,1,0,77.4,15.6
105,245.0,0,22,0,0,0,0,42.1,2.9
102,460.0,0,13,0,2,0,0,62.1,6.5
105,245.0,2,17,0,0,0,1,83.2,9.9
102,460.0,3,19,1,3,0,2,91.6,24.5
101,135.0,1,18,0,3,1,1,63.8,17.8
104,345.0,2,7,0,3,1,2,59.9,24.6
103,160.0,5,19,1,0,0,1,92.1,13.2
103,160.0,2,14,0,2,0,2,43.9,18.4
105,245.0,0,21,0,0,1,1,58.9,13.8
104,345.0,2,16,0,1,0,1,33.6,10.5
102,460.0,4,6,0,1,0,2,44.3,20.1
103,160.0,3,14,0,2,0,0,50.1,0.7
104,345.0,0,9,0,0,1,0,57.0,12.2
104,345.0,2,8,0,2,0,0,97.0,0.0
104,345.0,1,14,1,1,2,1,80.2,32.0
104,345.0,0,14,0,1,0,0,58.5,2.1
103,160.0,4,6,0,1,0,1,60.5,10.8
105,245.0,0,8,0,0,0,1,82.1,13.4
102,460.0,3,15,0,3,1,1,22.8,13.9
103,160.0,4,19,0,2,0,0,92.9,3.8
105,245.0,2,19,0,3,0,0,66.7,3.6
101,135.0,5,20,1,1,0,1,64.6,16.8
105,245.0,4,18,0,2,0,0,65.1,6.0
105,245.0,1,9,0,3,1,1,65.4,20.0
105,245.0,4,19,0,0,0,0,67.4,0.0
101,135.0,5,20,1,3,0,0,72.7,6.6
104,345.0,6,22,1,3,1,1,58.0,21.0
103,160.0,5,18,1,0,0,1,93.1,9.4
103,160.0,6,10,1,3,0,0,45.5,3.0
105,245.0,5,5,1,2,0,1,77.5,15.1
105,245.0,4,12,0,0,0,0,43.5,2.1
102,460.0,3,22,0,1,0,1,41.2,9.9
101,135.0,3,18,1,2,0,1,96.1,12.2
103,160.0,1,12,0,3,0,1,57.5,4.1
105,245.0,4,22,0,0,0,0,45.9,4.5
103,160.0,2,19,0,2,0,2,82.8,22.5
104,345.0,1,10,1,0,0,0,66.2,5.4
104,345.0,6,13,1,3,0,0,58.7,8.6
105,245.0,5,8,1,2,0,2,91.5,26.0
102,460.0,1,6,0,3,1,0,44.7,6.4
101,135.0,4,16,0,2,0,2,60.6,23.0
101,135.0,5,15,1,2,0,2,65.6,24.1
105,245.0,3,11,0,2,0,0,48.8,6.3
104,345.0,6,8,1,2,0,2,90.2,22.9
105,245.0,6,17,1,3,0,1,89.1,13.1
105,245.0,4,8,1,1,1,1,81.4,24.0
103,160.0,0,15,1,0,1,2,49.2,32.4
103,160.0,6,21,1,2,0,0,84.8,0.8
104,345.0,3,17,0,3,0,2,68.0,24.5
104,345.0,3,18,0,3,1,1,63.8,15.0
105,245.0,3,20,1,0,0,3,60.4,44.6
105,245.0,0,19,0,0,0,1,86.3,8.4
101,135.0,4,18,1,2,0,1,100.0,11.6
103,160.0,2,8,0,1,1,1,66.0,20.5
105,245.0,6,22,1,1,0,2,74.0,23.9
101,135.0,5,17,1,0,0,1,81.2,14.9
102,460.0,4,8,0,3,1,1,69.4,16.4
101,135.0,4,22,0,2,0,0,52.8,6.1
102,460.0,5,17,1,2,0,2,93.2,29.6
103,160.0,6,6,1,2,0,2,80.2,27.6
105,245.0,1,7,0,1,0,1,72.8,11.2
103,160.0,4,22,1,1,0,1,56.9,17.1
103,160.0,6,8,1,1,1,1,79.4,23.2
102,460.0,0,17,0,0,0,0,77.4,3.9
103,160.0,0,20,0,3,2,2,61.7,38.7
105,245.0,0,10,0,1,0,1,60.4,11.1
104,345.0,1,18,0,2,0,1,100.0,8.9
104,345.0,1,14,0,1,0,1,47.2,1.9
105,245.0,4,6,0,0,0,1,48.9,13.3
104,345.0,2,14,0,0,0,1,47.0,12.2
103,160.0,5,12,1,2,1,2,67.7,29.7
105,245.0,3,11,0,3,0,0,38.2,0.1
102,460.0,6,20,1,3,0,0,56.8,5.8
102,460.0,0,17,1,0,2,2,100.0,40.8
102,460.0,3,10,1,3,0,0,38.9,7.5
104,345.0,5,20,1,0,0,1,68.2,17.0
104,345.0,5,9,1,0,0,1,92.0,15.2
105,245.0,3,14,0,0,0,2,45.7,10.8
103,160.0,5,16,1,0,0,0,59.3,9.3
102,460.0,2,12,1,2,0,0,70.1,6.9
103,160.0,6,18,1,3,0,0,95.1,7.4
104,345.0,3,19,0,2,1,2,74.9,24.4
105,245.0,6,7,1,3,1,0,76.6,11.1
102,460.0,5,22,1,0,1,0,60.3,14.4
101,135.0,6,8,1,0,0,2,88.4,28.0
104,345.0,3,14,0,1,0,1,64.0,14.2
101,135.0,4,10,0,3,0,0,39.6,4.4
103,160.0,4,6,0,0,0,0,55.5,0.0
101,135.0,0,14,0,0,0,2,43.8,21.4
104,345.0,1,20,0,1,0,0,35.7,0.0
101,135.0,2,9,0,3,0,1,61.7,13.9
105,245.0,2,13,0,1,0,1,42.2,12.3
103,160.0,2,12,0,0,0,1,65.9,11.2
102,460.0,0,14,0,2,0,1,61.4,11.6
105,245.0,1,20,0,1,0,2,44.1,19.4
103,160.0,2,18,0,0,0,0,75.4,0.0
101,135.0,6,11,1,3,1,1,55.6,21.4
105,245.0,6,11,1,2,0,0,52.8,8.8
103,160.0,2,7,0,0,0,0,67.7,0.3
104,345.0,4,10,1,1,0,2,59.3,22.0
105,245.0,4,7,0,1,0,1,70.7,12.4
101,135.0,4,20,0,1,0,2,55.8,16.3
101,135.0,4,9,0,3,0,1,65.1,6.0
104,345.0,4,19,0,3,0,1,65.7,4.3
103,160.0,3,14,0,0,0,3,46.8,35.3
104,345.0,0,8,0,3,0,1,62.3,13.0
105,245.0,6,20,1,3,0,0,66.8,2.0
105,245.0,6,5,1,0,0,1,56.5,15.8
101,135.0,5,11,1,0,0,1,59.0,13.9
104,345.0,2,9,0,1,0,3,70.7,32.5
102,460.0,5,20,1,0,0,1,61.6,12.7
103,160.0,4,16,0,0,0,1,40.9,11.8
104,345.0,1,20,0,1,0,1,49.9,10.5
103,160.0,5,17,1,3,0,1,81.4,13.3
103,160.0,0,15,0,2,0,0,64.6,0.0
102,460.0,3,9,1,1,0,2,87.3,23.3
103,160.0,1,22,0,1,0,1,45.5,4.6
102,460.0,4,19,0,0,0,1,57.8,6.5
101,135.0,1,8,0,2,0,2,78.7,18.6
104,345.0,5,14,1,0,0,0,59.1,8.6
103,160.0,0,15,1,1,0,0,36.0,9.1
105,245.0,1,6,1,3,0,1,71.8,15.3
102,460.0,6,13,1,1,0,0,60.3,6.9
105,245.0,4,15,0,1,1,1,45.9,17.7
104,345.0,4,19,0,0,0,1,77.6,4.9
101,135.0,2,8,0,2,1,1,86.1,16.2
102,460.0,2,9,0,0,0,2,65.3,21.7
102,460.0,1,16,0,1,0,2,64.5,22.5
105,245.0,4,5,0,1,0,1,43.4,12.0
105,245.0,3,11,0,1,0,1,42.3,12.7
101,135.0,5,14,1,2,0,1,76.1,23.0
103,160.0,4,8,0,2,0,1,65.8,9.2
105,245.0,0,8,0,3,0,3,51.1,33.9
103,160.0,0,21,1,2,0,2,84.2,18.6
104,345.0,3,15,0,2,1,0,64.1,10.9
105,245.0,5,20,1,0,1,1,57.0,20.6
101,135.0,5,12,1,1,0,0,53.8,5.4
103,160.0,3,18,1,1,0,1,81.0,16.6
104,345.0,3,16,0,2,0,2,61.9,24.4
103,160.0,4,13,0,1,1,1,54.5,8.4
105,245.0,6,14,1,1,0,0,58.4,8.6
104,345.0,1,7,0,2,0,0,84.7,0.0
101,135.0,2,13,0,0,0,1,38.5,12.7
102,460.0,0,15,0,0,0,2,62.6,13.8
104,345.0,4,8,0,3,0,1,79.9,14.0
101,135.0,0,13,0,3,0,0,66.7,3.6
101,135.0,3,9,0,3,0,2,69.7,21.4
101,135.0,3,14,0,2,0,3,49.0,37.3
102,460.0,2,14,0,2,0,1,45.7,6.1
105,245.0,1,20,0,0,1,1,57.3,17.6
102,460.0,6,11,1,0,2,0,66.6,24.3
103,160.0,6,18,1,0,0,2,98.7,25.6
105,245.0,5,6,1,0,0,1,67.2,8.9
104,345.0,1,11,1,1,0,0,67.7,4.7
102,460.0,1,10,0,1,0,1,56.3,8.8
102,460.0,5,21,1,1,0,2,61.2,23.8
102,460.0,6,11,1,2,0,0,78.3,9.0
105,245.0,1,13,0,0,0,0,36.9,0.9
105,245.0,1,10,0,0,0,0,37.0,8.6
102,460.0,5,16,1,2,1,1,68.9,22.1
101,135.0,4,7,0,1,2,2,68.2,39.0
104,345.0,6,19,1,0,0,2,74.9,27.9
105,245.0,3,6,0,1,0,2,27.8,21.3
102,460.0,3,15,0,0,1,2,49.2,28.2
104,345.0,3,17,0,1,0,0,59.4,1.3
103,160.0,1,8,0,2,0,2,83.3,23.2
101,135.0,2,21,0,0,1,2,48.6,24.7
101,135.0,4,12,0,3,0,0,40.8,9.2
101,135.0,5,21,1,3,1,2,62.4,32.5
103,160.0,1,15,0,3,0,0,42.8,0.6
102,460.0,2,12,0,3,0,1,47.4,12.3
101,135.0,4,21,0,1,1,1,51.1,16.1
101,135.0,3,17,1,0,2,0,92.3,22.6
103,160.0,2,18,0,2,0,1,79.4,15.6
104,345.0,3,6,0,1,1,1,36.0,14.4
104,345.0,6,22,1,2,0,0,74.8,8.7
103,160.0,6,17,1,1,0,1,85.5,11.7
102,460.0,2,11,1,0,1,0,70.4,11.3
101,135.0,1,21,0,2,0,1,59.4,10.9
101,135.0,6,14,1,0,0,0,60.6,8.0
105,245.0,6,19,1,0,0,1,100.0,10.3
103,160.0,0,18,0,0,0,1,71.8,8.9
103,160.0,1,5,0,1,0,0,44.8,6.0
101,135.0,3,11,0,3,0,1,47.6,7.5
102,460.0,4,12,0,3,0,0,46.1,2.4
105,245.0,1,11,0,1,0,1,31.7,10.8
103,160.0,0,13,0,3,1,2,49.4,19.3
101,135.0,3,19,0,3,1,1,49.3,14.5
103,160.0,4,19,0,1,0,1,52.8,6.1
102,460.0,3,21,0,3,0,0,34.7,1.0
105,245.0,0,8,0,3,0,2,77.6,22.4
103,160.0,6,22,1,2,0,2,76.1,24.8
103,160.0,6,19,1,0,0,2,90.4,25.9
105,245.0,5,10,1,3,0,0,69.3,9.8
105,245.0,4,12,1,0,0,1,48.7,20.4
104,345.0,3,9,0,2,0,2,93.5,21.3
102,460.0,0,11,0,0,0,1,45.6,15.3
101,135.0,3,14,0,0,1,2,49.2,26.3
104,345.0,1,6,0,1,0,2,40.7,18.2
101,135.0,3,17,0,0,0,2,79.0,18.5
103,160.0,1,9,0,0,1,1,78.9,18.2
101,135.0,5,20,1,2,0,1,65.5,16.5
104,345.0,5,18,1,2,0,2,82.1,27.9
105,245.0,2,8,0,3,0,2,77.0,17.2
102,460.0,2,16,1,0,0,3,60.8,41.4
103,160.0,1,12,0,2,1,1,51.9,19.3
101,135.0,5,11,1,0,0,1,63.1,17.0
102,460.0,4,6,1,3,1,0,45.5,11.0
102,460.0,5,13,1,1,1,3,57.4,50.4
102,460.0,3,5,0,2,1,1,65.1,12.5
102,460.0,5,10,1,1,0,0,55.6,10.9
102,460.0,0,18,0,3,0,1,70.1,12.8
104,345.0,2,15,0,1,0,0,48.3,4.8
101,135.0,2,19,0,1,0,1,57.6,11.3
101,135.0,4,22,0,3,0,1,62.7,10.2
101,135.0,5,16,1,2,0,3,68.2,39.9
103,160.0,1,12,0,2,0,3,55.4,35.8
104,345.0,3,17,0,1,0,1,56.0,10.8
103,160.0,3,14,0,0,0,1,50.2,11.4
104,345.0,4,8,0,0,2,1,64.4,34.4
102,460.0,2,8,0,3,1,1,62.3,15.7
103,160.0,6,18,1,0,0,1,90.1,13.9
102,460.0,5,14,1,0,0,1,57.8,11.4
105,245.0,5,9,1,2,0,1,100.0,11.9
101,135.0,2,21,0,2,0,1,63.7,6.8
105,245.0,6,15,1,0,1,0,61.4,15.8
102,460.0,1,14,1,0,0,0,51.0,8.1
102,460.0,4,12,0,1,0,0,38.1,5.4
104,345.0,0,13,0,0,0,0,46.2,0.0
105,245.0,0,19,0,0,0,1,67.0,11.5
104,345.0,6,10,1,3,0,1,63.7,19.4
104,345.0,2,10,0,1,1,1,52.8,15.1
105,245.0,0,13,1,0,0,2,55.8,22.3
102,460.0,2,13,0,0,0,1,36.4,9.7
103,160.0,6,8,1,2,0,0,82.1,9.4
103,160.0,6,10,1,0,0,2,66.0,24.7
102,460.0,1,18,0,1,0,2,67.3,23.6
101,135.0,1,21,0,0,0,0,45.6,2.3
104,345.0,2,9,0,0,0,0,61.8,0.4
104,345.0,1,8,0,1,0,1,68.5,12.4
102,460.0,2,18,1,1,1,1,80.3,23.2
105,245.0,4,15,0,0,1,2,43.5,26.4
104,345.0,5,11,1,3,1,3,67.9,50.4
104,345.0,1,18,0,2,0,1,85.2,9.6
101,135.0,5,13,1,2,0,2,77.4,24.9
104,345.0,5,22,1,3,1,3,63.5,49.5
103,160.0,1,19,0,3,0,2,80.8,12.9
102,460.0,4,18,0,1,0,1,65.1,15.0
102,460.0,5,13,1,2,1,0,67.6,12.5
103,160.0,6,16,1,2,0,0,64.5,5.8
101,135.0,0,20,0,1,0,2,50.2,18.3
105,245.0,4,16,1,2,0,1,70.1,11.1
101,135.0,0,11,1,1,0,1,76.3,16.4
102,460.0,6,11,1,1,0,2,54.3,21.2
101,135.0,3,8,1,3,1,1,90.5,20.6
105,245.0,3,12,0,0,0,1,48.5,11.8
103,160.0,1,17,0,2,0,1,94.6,5.5
101,135.0,1,12,1,3,0,2,58.8,28.2
101,135.0,5,14,1,1,0,0,59.9,1.5
105,245.0,0,18,1,0,2,1,78.2,32.4
101,135.0,0,9,0,1,0,3,82.5,36.9
104,345.0,2,20,1,2,1,0,69.5,5.2
102,460.0,4,7,0,2,0,0,74.6,5.9
101,135.0,4,9,0,0,0,1,56.0,6.8
105,245.0,0,10,0,2,1,3,54.9,42.5
104,345.0,5,7,1,0,0,1,78.1,12.4
103,160.0,2,17,0,3,0,1,73.1,7.8
101,135.0,3,13,0,0,0,3,45.5,38.6
101,135.0,6,11,1,0,1,0,70.3,12.7
101,135.0,2,9,1,3,0,1,84.5,20.6
105,245.0,2,12,0,0,0,1,47.0,9.1
102,460.0,0,16,1,0,0,2,55.5,23.2
102,460.0,1,22,0,0,2,1,38.0,32.5
105,245.0,3,7,1,3,0,1,68.0,18.7
104,345.0,2,16,0,3,0,2,55.2,15.3
101,135.0,0,21,0,1,0,1,65.7,11.3
104,345.0,3,8,0,0,0,1,67.9,6.2
104,345.0,0,22,0,3,0,1,33.0,12.2
102,460.0,5,22,1,3,1,0,57.7,17.6
103,160.0,2,8,0,2,0,1,85.5,9.8
102,460.0,4,10,0,1,0,0,38.8,0.0
102,460.0,2,21,0,2,0,2,61.1,18.2
101,135.0,3,15,0,0,0,1,54.1,10.6
102,460.0,4,9,0,2,1,1,84.1,15.6
101,135.0,5,15,1,3,1,0,69.2,10.9
104,345.0,5,13,1,3,0,0,69.2,10.8
103,160.0,0,19,0,0,1,2,70.9,31.9
103,160.0,2,21,0,2,0,1,55.4,9.1
102,460.0,0,19,0,0,1,1,68.7,19.0
102,460.0,6,8,1,3,0,0,84.0,10.6
101,135.0,5,11,1,2,0,0,65.6,6.5
105,245.0,3,18,0,3,0,0,65.5,0.9
101,135.0,1,11,0,3,0,2,49.0,18.1
105,245.0,4,5,0,3,2,1,50.2,30.4
105,245.0,1,21,0,0,0,1,46.1,8.7
102,460.0,0,10,0,0,0,2,41.4,19.6
104,345.0,1,8,0,2,0,2,93.8,15.6
104,345.0,4,12,0,2,0,1,56.2,9.2
103,160.0,6,18,1,1,0,3,87.0,41.8
103,160.0,6,7,1,3,0,1,75.5,16.7
104,345.0,2,9,0,3,1,2,83.0,27.6
105,245.0,3,19,0,0,0,0,76.2,3.5
101,135.0,3,18,0,1,1,1,62.4,10.6
102,460.0,6,14,1,1,1,0,57.1,20.1
104,345.0,2,11,0,3,0,1,54.5,9.1
105,245.0,2,19,0,0,2,0,77.0,22.5
103,160.0,1,12,0,1,0,0,38.1,1.9
101,135.0,6,16,1,1,0,1,52.2,12.2
101,135.0,6,18,1,0,0,1,72.6,11.9
103,160.0,6,20,1,1,0,1,56.4,18.1
104,345.0,4,12,1,1,0,1,54.4,18.0
102,460.0,3,17,0,0,1,2,70.4,27.2
101,135.0,4,20,0,3,0,1,41.6,5.3
105,245.0,1,12,0,2,0,1,58.7,10.4
102,460.0,4,12,0,0,0,1,53.1,6.1
105,245.0,2,17,0,2,0,1,97.8,11.5
103,160.0,5,9,1,3,0,0,83.8,11.6
105,245.0,2,18,0,0,2,3,71.3,59.7
101,135.0,2,12,0,2,1,1,47.3,14.6
104,345.0,6,16,1,1,0,2,72.8,25.6
104,345.0,6,20,1,2,0,0,81.7,8.2
102,460.0,5,22,1,3,1,1,55.9,22.4
104,345.0,5,6,1,2,1,0,79.0,12.5
101,135.0,5,5,1,1,0,1,63.5,12.7
105,245.0,6,12,1,3,0,0,64.0,9.2
104,345.0,6,21,1,0,0,0,55.4,1.4
103,160.0,0,18,1,1,1,0,87.7,15.7
101,135.0,3,22,0,1,0,2,31.9,15.3
104,345.0,5,20,1,3,0,0,69.5,6.4
105,245.0,5,9,1,0,2,1,87.5,33.8
102,460.0,6,14,1,2,0,2,59.1,26.1
101,135.0,1,12,0,1,0,1,41.7,8.0
103,160.0,4,16,0,3,0,1,43.6,9.9
102,460.0,4,5,0,3,0,1,32.6,12.8
105,245.0,4,19,0,2,0,1,80.8,6.5
102,460.0,0,10,1,2,0,0,73.6,15.1
104,345.0,1,8,1,1,0,1,88.7,14.4
103,160.0,2,16,0,2,1,0,71.7,7.5
105,245.0,6,12,1,3,0,1,44.4,13.2
101,135.0,6,17,1,0,0,2,70.3,22.6
105,245.0,2,9,0,2,0,1,76.6,15.0
103,160.0,6,22,1,3,0,1,75.3,12.3
104,345.0,3,18,0,0,1,0,71.7,6.9
101,135.0,3,21,0,0,0,0,59.0,0.3
104,345.0,4,21,0,1,0,0,32.4,0.4
105,245.0,2,8,0,3,0,1,70.6,10.5
105,245.0,6,22,1,2,0,1,71.0,13.3
105,245.0,0,21,0,3,0,2,38.6,19.1
101,135.0,1,13,0,2,0,1,54.3,13.1
104,345.0,5,7,1,3,1,2,97.8,29.8
102,460.0,1,5,0,1,0,2,59.8,21.6
104,345.0,1,10,0,1,0,0,55.6,0.0
104,345.0,6,8,1,1,0,1,87.6,6.8
103,160.0,3,10,0,2,0,1,61.6,13.0
101,135.0,6,9,1,0,0,1,75.1,11.3
105,245.0,1,10,0,0,0,1,45.8,9.8
102,460.0,6,11,1,2,0,2,75.3,22.1
102,460.0,5,18,1,1,0,2,92.1,29.1
104,345.0,5,8,1,3,0,2,75.0,22.0
104,345.0,3,15,0,0,0,0,42.1,1.6
103,160.0,4,8,0,0,1,0,71.9,9.7
101,135.0,2,11,0,1,0,1,52.0,8.3
101,135.0,3,11,0,1,1,1,37.5,11.6
102,460.0,1,20,0,2,0,0,60.5,4.4
104,345.0,4,21,1,3,1,1,52.5,24.8
102,460.0,3,22,0,1,0,1,39.9,9.7
101,135.0,1,13,0,3,0,2,44.4,19.5
104,345.0,3,21,0,0,0,2,33.4,14.6
103,160.0,0,7,0,0,0,2,75.0,17.7
105,245.0,4,10,1,0,0,1,53.9,16.6
105,245.0,3,13,1,0,0,2,59.9,21.7
102,460.0,6,19,1,0,1,3,95.6,44.0
104,345.0,2,21,0,1,0,0,39.2,1.5
102,460.0,4,9,0,1,1,2,72.0,30.8
101,135.0,5,15,1,3,0,1,64.9,13.9
101,135.0,4,21,0,2,2,0,69.3,20.7
101,135.0,6,13,1,1,0,0,60.2,9.1
103,160.0,4,15,0,2,0,1,61.9,11.0
104,345.0,0,15,1,2,2,0,69.0,23.7
105,245.0,0,21,0,3,0,0,52.3,4.7
104,345.0,0,17,0,3,2,0,78.6,21.7
103,160.0,1,6,1,3,1,0,67.4,10.3
105,245.0,3,10,1,2,0,1,80.3,12.6
104,345.0,3,12,0,0,0,0,38.6,5.2
104,345.0,5,8,1,2,1,0,100.0,13.4
102,460.0,5,22,1,1,1,1,61.5,19.4
101,135.0,5,22,1,3,0,1,62.6,17.2
103,160.0,3,19,0,1,1,2,74.2,20.4
105,245.0,1,19,0,3,0,1,75.3,12.2
105,245.0,0,6,0,0,0,3,55.7,38.4
105,245.0,1,20,0,0,0,0,40.1,0.6
101,135.0,6,21,1,3,0,0,55.3,8.0
101,135.0,3,8,0,1,0,1,53.1,10.0
104,345.0,4,7,0,2,0,0,75.6,7.2
103,160.0,2,16,0,2,0,0,58.4,4.1
104,345.0,4,20,0,1,2,2,47.7,41.1
105,245.0,0,8,1,0,1,0,84.8,12.8
102,460.0,2,21,0,3,0,1,49.3,8.3
102,460.0,4,14,0,1,0,0,52.0,0.0
104,345.0,6,13,1,0,0,0,63.8,4.4
103,160.0,5,7,1,2,1,1,97.1,23.9
102,460.0,3,9,0,2,0,2,83.8,24.3
104,345.0,0,14,0,1,0,1,36.5,11.1
104,345.0,1,10,1,3,0,0,52.2,7.2
105,245.0,4,10,0,0,1,2,41.9,29.2
101,135.0,3,11,0,0,1,1,44.0,19.2
102,460.0,3,9,0,0,2,1,74.3,26.3
103,160.0,4,6,1,3,0,1,55.1,17.8
103,160.0,5,6,1,2,0,0,71.4,6.6
104,345.0,2,6,0,3,0,2,58.8,18.9
103,160.0,3,21,0,0,0,0,47.9,8.6
102,460.0,3,13,0,1,1,1,46.4,13.9
102,460.0,5,9,1,2,0,2,82.2,22.6
102,460.0,5,11,1,1,0,1,58.8,10.1
104,345.0,3,22,0,0,1,1,40.9,17.4
102,460.0,1,7,0,2,0,1,88.8,7.4
103,160.0,4,14,0,1,1,1,50.7,16.1
102,460.0,6,22,1,0,0,1,50.9,18.0
101,135.0,2,14,0,3,1,2,49.8,27.9
102,460.0,4,14,0,2,0,2,54.0,22.1
105,245.0,5,5,1,3,0,0,73.8,12.2
102,460.0,5,8,1,1,0,0,94.8,4.9
102,460.0,4,5,0,0,0,3,37.1,38.6
101,135.0,2,9,0,3,0,0,66.4,0.0
105,245.0,6,11,1,1,0,0,51.3,6.0
102,460.0,0,11,0,3,1,1,31.3,15.8
102,460.0,5,11,1,1,0,2,57.6,21.2
102,460.0,6,5,1,3,1,1,50.2,28.1
103,160.0,2,5,0,0,1,0,51.5,8.9
103,160.0,0,17,1,3,2,2,86.8,46.0
101,135.0,6,11,1,2,0,2,63.3,24.9
102,460.0,6,5,1,1,0,0,59.5,2.8
103,160.0,0,20,0,0,0,2,35.1,18.0
103,160.0,3,15,0,1,0,1,38.4,11.2
105,245.0,6,10,1,2,0,3,81.0,44.0
105,245.0,4,5,0,1,0,3,34.5,39.0
103,160.0,6,16,1,1,0,1,52.0,18.7
101,135.0,6,13,1,2,0,0,78.7,11.0
104,345.0,6,16,1,1,1,1,67.0,21.2
102,460.0,1,14,0,3,1,1,38.3,17.6
105,245.0,2,20,0,2,0,2,57.3,14.7
101,135.0,3,9,0,3,1,2,67.2,30.0
105,245.0,2,14,1,2,1,3,67.3,49.6
103,160.0,6,22,1,0,0,3,54.0,41.1
102,460.0,6,17,1,0,1,2,78.3,33.0
105,245.0,0,16,0,2,1,0,61.7,9.2
104,345.0,1,10,0,0,0,2,32.4,18.7
104,345.0,6,13,1,2,0,2,83.8,23.7
103,160.0,4,9,0,0,0,0,73.3,4.3
105,245.0,6,11,1,0,0,1,48.6,14.4
101,135.0,0,8,0,3,0,3,72.8,35.3
101,135.0,6,16,1,0,0,0,75.8,13.9
101,135.0,2,22,0,2,0,0,54.9,3.1
104,345.0,1,21,1,2,1,1,75.7,27.6
105,245.0,4,9,0,0,0,1,85.1,4.2
102,460.0,5,15,1,2,0,2,59.3,26.2
104,345.0,1,10,0,3,0,2,41.4,19.1
102,460.0,3,5,0,0,0,1,47.4,11.2
104,345.0,4,22,0,3,0,0,50.0,3.2
105,245.0,6,9,1,2,1,0,90.8,11.9
103,160.0,6,8,1,2,0,1,89.0,11.3
103,160.0,5,8,1,2,0,0,93.8,8.5
104,345.0,3,20,1,1,0,0,65.5,5.1
103,160.0,3,6,1,3,0,3,64.4,48.2
104,345.0,6,16,1,1,0,0,50.4,11.5
103,160.0,4,10,0,2,0,1,49.6,6.9
103,160.0,5,20,1,2,0,2,68.3,18.8
103,160.0,4,8,1,1,1,3,76.0,46.8
101,135.0,3,9,0,1,0,1,60.0,8.7
105,245.0,6,17,1,0,0,1,79.4,10.0
105,245.0,4,9,0,3,0,1,76.2,2.4
105,245.0,3,19,0,1,0,1,71.7,12.9
102,460.0,5,5,1,3,0,2,64.4,24.1
101,135.0,2,21,0,3,0,1,42.9,9.7
103,160.0,2,9,1,2,1,2,91.4,29.5
103,160.0,4,15,0,2,0,1,50.9,9.6
101,135.0,6,20,1,3,0,1,58.5,9.7
104,345.0,3,8,0,3,0,1,67.6,9.0
101,135.0,3,14,0,3,0,0,48.1,0.0
104,345.0,5,13,1,2,0,0,71.8,5.3
105,245.0,0,9,0,3,0,1,66.0,9.2
105,245.0,5,14,1,0,0,1,63.0,15.2
104,345.0,4,18,0,2,0,0,86.7,0.7
102,460.0,3,5,0,1,0,1,45.1,9.3
104,345.0,1,7,0,3,0,1,69.2,10.3
101,135.0,6,6,1,1,0,2,70.1,27.7
105,245.0,4,18,0,3,0,2,64.4,15.9
103,160.0,5,18,1,3,0,1,95.9,15.2
102,460.0,3,13,0,0,1,2,44.7,23.6
103,160.0,1,12,1,1,0,2,64.0,23.4
103,160.0,3,18,0,2,0,1,73.7,10.4
101,135.0,2,21,0,3,0,1,47.2,11.7
103,160.0,4,7,1,0,0,1,79.6,11.7
102,460.0,0,6,0,1,0,3,45.5,35.6
101,135.0,1,21,0,1,0,0,45.5,1.8
101,135.0,3,7,1,0,1,1,94.7,25.7
102,460.0,0,8,0,0,0,1,63.1,6.7
102,460.0,2,11,0,2,0,1,37.3,7.1
102,460.0,4,19,0,2,0,1,81.8,11.0
104,345.0,1,10,0,1,1,3,49.5,43.7
101,135.0,4,15,0,3,0,1,46.2,9.0
105,245.0,1,10,1,2,0,0,58.9,9.2
101,135.0,4,9,0,2,1,3,85.8,35.8
101,135.0,5,16,1,3,0,0,63.6,10.9
102,460.0,6,16,1,1,0,1,48.5,15.9
102,460.0,2,14,0,2,0,0,43.1,0.8
101,135.0,6,22,1,1,0,1,60.6,18.2
103,160.0,5,21,1,1,1,3,56.2,50.1
104,345.0,4,15,0,2,0,1,54.6,12.6
102,460.0,3,16,0,0,0,1,33.6,10.7
104,345.0,1,18,0,3,2,0,67.1,21.4
102,460.0,5,21,1,1,0,1,38.3,13.6
104,345.0,1,5,0,2,0,1,60.0,9.1
102,460.0,0,16,0,0,0,2,47.3,20.6
101,135.0,3,13,0,1,1,0,41.9,12.2
103,160.0,5,10,1,2,0,1,70.7,15.8
104,345.0,3,18,0,3,0,1,78.0,10.5
104,345.0,1,9,1,1,0,2,92.5,26.9
101,135.0,5,16,1,0,1,1,49.6,22.9
105,245.0,3,10,0,0,0,1,49.1,15.0
101,135.0,6,20,1,3,1,0,73.0,12.4
105,245.0,6,19,1,0,1,2,82.5,32.5
101,135.0,3,7,0,2,0,1,87.5,9.2
104,345.0,1,19,0,2,1,1,86.7,16.5
102,460.0,3,8,0,3,0,1,74.7,11.6
102,460.0,5,20,1,0,0,0,75.8,9.8
104,345.0,5,17,1,0,0,2,66.3,28.3
105,245.0,5,14,1,2,0,1,67.6,13.4
101,135.0,6,14,1,3,0,0,60.8,6.2
105,245.0,3,22,0,0,0,1,44.5,10.6
105,245.0,3,5,0,1,0,1,30.0,12.1
102,460.0,2,16,0,3,0,2,51.9,18.0
105,245.0,3,13,0,1,1,0,46.1,1.8
105,245.0,0,21,0,3,0,0,36.4,4.5
104,345.0,1,19,0,0,0,1,59.9,8.8
104,345.0,4,7,0,3,1,0,62.7,3.3
104,345.0,5,19,1,0,0,1,80.9,13.2
105,245.0,1,7,1,0,0,1,89.0,9.0
103,160.0,6,11,1,1,1,1,51.4,20.7
102,460.0,6,16,1,1,0,1,68.0,18.5
105,245.0,2,15,1,2,0,1,72.6,15.5
104,345.0,5,6,1,0,0,1,55.3,9.7
102,460.0,5,22,1,1,0,2,60.9,21.6
103,160.0,1,21,0,0,0,2,46.0,18.1
102,460.0,5,15,1,0,1,0,67.1,16.4
103,160.0,6,17,1,1,0,0,84.5,6.8
105,245.0,4,21,0,1,2,1,37.1,25.7
104,345.0,4,10,1,3,2,1,51.4,33.4
105,245.0,0,10,0,2,0,2,65.5,21.2
105,245.0,3,13,0,3,0,1,40.1,8.2
102,460.0,6,21,1,0,2,2,58.9,47.8
103,160.0,0,8,0,1,0,0,69.3,0.3
102,460.0,5,13,1,1,1,0,68.4,16.8
103,160.0,6,20,1,1,0,1,44.5,12.9
102,460.0,5,16,1,2,0,0,76.7,4.8
103,160.0,2,12,0,3,0,3,41.0,34.1
101,135.0,6,7,1,1,0,0,74.9,2.5
104,345.0,4,18,0,3,1,1,62.1,14.7
102,460.0,2,12,0,2,0,1,50.1,13.9
105,245.0,1,10,0,0,0,0,38.0,3.7
105,245.0,2,8,1,3,0,0,85.0,13.8
103,160.0,1,13,0,0,0,1,52.6,6.4
102,460.0,4,8,0,1,0,0,71.8,1.7
105,245.0,6,12,1,0,0,1,56.5,17.4
102,460.0,5,9,1,0,0,1,90.4,20.5
103,160.0,4,6,0,3,0,1,50.8,9.7
105,245.0,3,21,1,0,0,0,63.4,11.0
102,460.0,2,9,0,1,0,1,61.3,11.2
102,460.0,4,8,0,0,0,1,77.2,10.5
102,460.0,5,9,1,1,0,1,71.9,8.8
103,160.0,4,20,0,3,0,0,35.9,0.0
101,135.0,3,17,0,0,0,1,66.1,3.3
102,460.0,3,6,0,2,1,1,58.1,18.4
104,345.0,4,5,1,1,0,1,75.2,15.3
101,135.0,2,19,0,0,1,1,72.3,18.1
105,245.0,3,6,0,1,0,0,43.7,3.0
105,245.0,4,18,0,2,0,0,77.7,6.1
102,460.0,1,9,0,1,0,2,79.2,21.4
102,460.0,1,16,0,3,0,1,40.0,10.5
103,160.0,3,5,0,2,0,0,49.9,5.5
101,135.0,1,6,0,3,0,1,47.5,6.7
104,345.0,0,11,0,0,0,0,39.5,7.4
103,160.0,5,12,1,2,0,0,87.7,8.0
103,160.0,0,11,0,1,0,1,38.2,14.4
104,345.0,5,22,1,2,0,0,64.1,8.4
104,345.0,1,18,0,1,1,1,61.8,15.2
104,345.0,2,17,0,2,0,1,88.2,9.8
102,460.0,3,8,0,2,2,2,91.7,43.1
103,160.0,1,8,0,3,0,3,61.7,36.3
102,460.0,4,11,0,0,0,2,40.9,22.6
101,135.0,5,22,1,2,1,0,78.5,19.3
101,135.0,2,18,1,3,0,1,89.1,15.9
103,160.0,6,9,1,0,0,0,96.6,1.7
105,245.0,1,16,0,2,2,0,69.3,19.8
103,160.0,2,15,0,3,1,1,49.0,16.9
104,345.0,4,19,0,3,1,0,63.9,6.7
104,345.0,5,5,1,1,0,1,55.9,14.5
105,245.0,5,5,1,0,1,0,64.1,15.0
105,245.0,2,6,0,2,0,2,50.4,18.8
104,345.0,4,16,0,3,0,0,44.8,0.4
103,160.0,1,8,0,2,1,1,77.8,17.4
104,345.0,6,12,1,2,0,2,72.8,27.7
105,245.0,6,20,1,1,0,1,59.1,12.2
103,160.0,3,6,0,1,0,1,61.0,10.6
104,345.0,4,14,0,3,0,3,35.0,32.1
103,160.0,6,15,1,1,0,1,68.5,14.8
102,460.0,1,13,0,3,1,3,48.9,47.7
102,460.0,1,17,1,2,0,2,98.6,25.6
102,460.0,4,9,0,1,0,3,77.4,35.0
101,135.0,0,21,0,1,0,1,56.1,9.9
105,245.0,6,9,1,3,0,2,100.0,20.1
102,460.0,6,19,1,0,0,2,76.0,21.6
103,160.0,5,12,1,3,0,0,73.2,6.3
105,245.0,5,8,1,1,0,0,91.7,11.2
101,135.0,0,18,0,2,0,0,73.5,1.3
102,460.0,2,6,0,2,0,1,54.7,8.1
104,345.0,3,17,0,3,0,1,79.0,12.3
103,160.0,1,14,0,1,0,0,55.7,1.9
101,135.0,6,13,1,0,1,1,61.4,19.6
105,245.0,3,11,0,0,1,2,47.1,27.6
102,460.0,4,21,1,3,1,1,49.3,19.3
101,135.0,0,9,0,0,0,0,75.7,0.0
102,460.0,6,20,1,0,2,1,59.8,36.6
101,135.0,1,18,0,3,0,0,62.6,0.4
102,460.0,3,8,0,0,2,2,82.6,36.2
104,345.0,4,19,0,3,0,0,70.6,6.0
101,135.0,0,18,0,1,0,0,63.7,4.1
103,160.0,3,16,0,0,0,0,51.2,3.6
105,245.0,2,19,1,2,0,1,88.0,16.0
104,345.0,0,12,0,1,0,2,47.4,20.5
102,460.0,2,12,0,0,0,2,44.1,19.2
105,245.0,0,10,0,0,0,1,55.5,6.5
103,160.0,3,16,0,2,0,0,58.9,3.8
101,135.0,1,18,0,0,1,0,70.7,11.2
101,135.0,2,15,1,3,0,0,60.4,4.2
105,245.0,4,12,0,0,0,2,49.5,18.7
105,245.0,6,21,1,0,1,1,65.0,21.5
103,160.0,1,21,0,0,0,0,47.6,5.5
102,460.0,6,20,1,1,2,1,64.4,32.1
101,135.0,3,20,0,0,0,0,44.6,1.8
105,245.0,1,18,1,2,0,1,93.3,15.7
105,245.0,0,14,0,2,0,2,45.5,20.3
103,160.0,5,6,1,1,1,0,46.7,17.0
103,160.0,5,14,1,0,0,0,59.1,8.3
103,160.0,6,19,1,0,0,0,74.9,8.1
104,345.0,4,7,0,0,0,0,74.0,1.2
102,460.0,2,7,0,2,0,0,88.9,3.9
102,460.0,4,17,0,0,0,1,71.4,7.3
103,160.0,6,6,1,0,0,1,56.2,24.4
102,460.0,6,18,1,2,0,1,90.4,14.9
102,460.0,0,20,0,0,0,1,36.1,10.2
101,135.0,1,13,0,2,1,0,68.5,12.4
101,135.0,4,17,0,2,0,2,92.6,19.9
101,135.0,1,11,0,1,1,1,52.5,17.4
102,460.0,2,13,0,0,0,1,41.0,6.8
105,245.0,1,21,0,3,0,1,37.7,16.1
101,135.0,6,14,1,1,0,0,60.3,5.9
104,345.0,0,22,0,3,0,1,48.3,10.2
101,135.0,0,6,0,3,1,0,55.2,6.3
105,245.0,1,7,0,2,0,2,72.2,21.2
101,135.0,5,17,1,0,0,0,92.6,0.0
104,345.0,6,8,1,1,0,0,98.1,6.9
101,135.0,5,18,1,1,0,1,81.8,14.5
104,345.0,2,10,0,1,0,1,63.2,10.6
103,160.0,2,19,1,0,1,0,81.6,13.2
104,345.0,1,13,0,2,0,1,65.4,13.6
105,245.0,1,21,0,1,0,1,44.0,10.4
105,245.0,6,16,1,2,1,3,68.3,47.9
101,135.0,5,11,1,3,0,3,54.7,35.6
104,345.0,2,11,0,3,0,1,44.9,7.8
103,160.0,5,7,1,3,0,2,88.9,30.0
101,135.0,3,18,0,3,0,1,61.0,10.2
103,160.0,2,15,0,0,0,2,47.1,22.9
102,460.0,1,21,1,1,0,1,46.6,17.6
101,135.0,2,14,0,1,1,2,33.4,26.5
104,345.0,5,13,1,2,0,1,72.4,11.1
104,345.0,1,7,0,0,0,3,61.5,34.0
104,345.0,1,6,0,0,0,2,55.3,19.7
103,160.0,6,15,1,0,1,1,38.2,22.0
105,245.0,3,11,0,3,0,0,56.5,1.8
101,135.0,0,8,0,2,0,1,97.0,8.5
101,135.0,4,11,0,2,1,0,62.7,11.3
102,460.0,0,9,0,1,0,0,64.7,2.7
102,460.0,6,17,1,3,1,1,87.7,24.2
101,135.0,4,13,0,1,0,0,48.4,2.6
104,345.0,1,14,1,0,1,3,68.4,47.8
101,135.0,4,22,1,2,0,2,76.5,26.8
101,135.0,3,10,0,2,0,0,55.0,0.0
105,245.0,3,20,1,2,1,0,76.2,9.3
104,345.0,4,13,0,3,0,2,40.7,17.8
103,160.0,6,9,1,3,0,2,79.6,24.2
103,160.0,2,9,1,0,0,1,80.1,11.7
101,135.0,6,15,1,1,0,1,61.8,12.8
101,135.0,4,7,1,3,0,2,79.5,24.7
104,345.0,1,15,1,1,0,0,53.0,12.1
104,345.0,0,20,1,3,0,1,60.4,16.9
105,245.0,1,18,0,2,1,1,82.5,15.3
105,245.0,1,11,1,2,0,0,70.0,3.3
103,160.0,1,15,0,1,1,0,43.8,12.7
105,245.0,2,20,0,3,0,3,48.8,36.9
104,345.0,4,6,0,3,0,2,49.8,19.2
103,160.0,5,18,1,2,0,1,100.0,15.5
105,245.0,1,6,0,2,0,2,40.6,23.1
104,345.0,6,7,1,0,0,2,79.9,21.8
104,345.0,5,12,1,2,0,1,69.5,19.6
102,460.0,4,5,0,0,0,2,42.2,21.1
102,460.0,3,6,0,3,0,1,44.3,11.7
105,245.0,3,15,0,0,0,1,31.6,6.4
103,160.0,2,11,1,1,0,2,62.7,21.8
105,245.0,4,13,0,2,0,0,51.9,0.0
103,160.0,4,8,0,1,0,1,56.8,16.1
101,135.0,4,14,0,1,1,1,47.1,18.1
101,135.0,5,20,1,3,0,1,51.1,14.4
101,135.0,4,22,0,1,0,1,56.3,8.8
101,135.0,2,18,0,0,0,2,75.5,20.4
104,345.0,2,7,0,3,1,3,66.2,42.0
101,135.0,6,21,1,3,0,0,60.7,8.4
102,460.0,5,15,1,3,0,1,66.4,9.9
105,245.0,6,17,1,0,0,0,74.5,10.3
104,345.0,6,17,1,3,0,0,98.2,4.7
101,135.0,4,6,0,1,1,1,47.2,19.7
105,245.0,6,13,1,2,1,1,52.6,29.6
104,345.0,1,13,0,3,0,1,35.6,9.0
101,135.0,3,10,0,1,0,2,46.5,19.3
102,460.0,1,20,1,2,1,1,72.6,25.2
102,460.0,1,5,0,1,1,0,54.7,6.8
103,160.0,1,11,0,2,0,2,60.9,23.6
105,245.0,3,11,1,1,0,3,60.2,41.1
105,245.0,0,5,0,3,0,0,44.0,0.2
105,245.0,4,15,0,1,0,0,40.6,0.0
105,245.0,1,6,0,0,0,1,64.3,14.6
102,460.0,4,13,0,2,0,2,46.1,20.3
102,460.0,0,13,0,0,1,0,47.5,12.4
101,135.0,5,21,1,2,0,2,91.4,26.1
101,135.0,4,17,0,0,0,1,72.4,9.8
103,160.0,4,18,0,0,0,0,75.4,2.2
104,345.0,5,18,1,1,0,1,73.4,21.3
101,135.0,3,17,0,1,0,1,84.2,8.9
104,345.0,6,15,1,0,0,0,72.4,5.1
101,135.0,4,10,0,2,0,0,42.9,3.5
105,245.0,4,20,0,1,0,1,49.0,5.6
104,345.0,3,12,0,2,0,1,60.5,11.3
105,245.0,5,21,1,3,0,1,57.4,16.9
101,135.0,0,6,0,2,0,1,57.9,15.6
102,460.0,2,6,0,3,0,1,40.3,5.7
101,135.0,5,17,1,2,0,1,100.0,17.2
102,460.0,4,13,0,2,1,1,63.6,22.1
101,135.0,2,12,0,3,0,0,38.1,5.4
104,345.0,6,12,1,1,0,1,64.2,19.1
104,345.0,3,14,0,3,0,1,42.1,9.4
102,460.0,6,11,1,2,0,0,65.9,7.3
104,345.0,0,20,0,1,0,0,36.4,1.3
105,245.0,5,8,1,2,0,2,100.0,15.9
105,245.0,3,18,0,2,0,2,90.7,18.0
101,135.0,4,21,0,0,0,1,57.6,15.5
104,345.0,4,18,0,1,0,1,70.1,6.8
102,460.0,5,17,1,1,1,2,95.4,30.0
103,160.0,6,19,1,3,0,0,71.1,0.6
105,245.0,3,8,1,3,1,1,97.8,24.0
105,245.0,6,10,1,1,0,1,65.1,14.6
101,135.0,4,9,0,2,0,1,70.3,9.9
102,460.0,3,6,0,3,0,1,38.0,12.6
105,245.0,5,15,1,2,0,2,77.7,28.4
101,135.0,0,5,0,3,0,1,50.8,13.7
103,160.0,1,16,0,1,0,1,48.2,14.8
104,345.0,5,15,1,3,0,1,48.4,15.1
101,135.0,2,8,0,3,0,0,76.7,3.6
101,135.0,6,5,1,2,0,0,56.7,8.3
102,460.0,5,8,1,2,1,1,100.0,24.7
102,460.0,6,5,1,3,0,0,68.6,3.7
102,460.0,4,7,0,0,0,1,79.4,12.2
104,345.0,2,18,0,3,0,0,60.8,4.2
101,135.0,1,5,1,2,0,0,74.4,5.1
105,245.0,0,14,0,0,1,2,49.4,23.0
102,460.0,5,11,1,3,1,0,61.5,16.9
104,345.0,5,22,1,3,0,1,50.6,13.0
103,160.0,5,19,1,3,0,1,84.7,13.6
105,245.0,0,7,0,0,0,1,69.4,6.8
101,135.0,5,15,1,1,0,1,62.5,14.5
105,245.0,4,14,1,0,0,1,60.1,13.4
101,135.0,3,6,0,2,1,1,54.0,17.8
105,245.0,6,15,1,2,1,0,73.9,12.4
101,135.0,4,16,0,1,0,0,58.7,5.4
105,245.0,1,16,0,1,0,1,38.4,6.4
105,245.0,1,17,0,0,1,1,67.6,19.9
103,160.0,0,8,0,2,0,3,74.2,40.6
105,245.0,6,8,1,0,0,2,82.7,25.0
102,460.0,6,22,1,2,0,0,57.0,8.9
105,245.0,0,7,0,3,0,1,69.6,9.2
105,245.0,2,8,0,0,2,0,61.8,22.4
103,160.0,3,15,0,1,0,1,40.8,5.6
105,245.0,3,13,0,2,0,3,57.2,36.1
103,160.0,2,12,1,1,2,3,58.4,64.8
103,160.0,0,19,0,2,0,2,88.5,18.1
104,345.0,2,10,0,0,1,1,49.0,15.4
103,160.0,3,19,0,3,0,1,58.8,12.8
103,160.0,3,10,1,2,2,2,77.9,42.9
101,135.0,3,22,0,2,0,0,44.8,6.2
103,160.0,2,5,0,0,0,1,48.6,9.9
101,135.0,4,8,0,1,0,2,68.7,20.7
105,245.0,6,19,1,3,0,0,97.3,3.4
105,245.0,3,20,0,3,0,1,34.1,10.6
103,160.0,1,21,0,3,0,0,49.0,6.4
101,135.0,3,14,1,2,1,3,72.3,47.9
104,345.0,0,22,0,1,0,0,44.4,4.6
102,460.0,5,13,1,0,0,1,50.0,11.3
103,160.0,6,8,1,1,2,0,78.5,33.4
102,460.0,5,17,1,3,0,2,90.7,25.5
102,460.0,0,18,0,2,0,0,81.1,2.0
101,135.0,4,7,0,3,0,2,60.5,25.0
103,160.0,4,22,0,3,0,1,46.7,11.3
101,135.0,2,10,0,2,0,0,68.6,0.0
101,135.0,4,12,0,2,0,0,67.7,0.6
103,160.0,5,7,1,2,1,1,94.2,17.5
102,460.0,2,10,0,2,0,0,54.0,2.1
103,160.0,2,19,0,0,0,1,74.3,13.7
105,245.0,6,16,1,3,0,1,59.3,17.6
101,135.0,2,10,0,0,1,1,50.5,10.6
103,160.0,0,18,0,1,0,1,72.0,9.7
103,160.0,1,6,0,3,0,3,33.8,37.0
102,460.0,0,12,1,1,1,1,55.2,26.0
104,345.0,6,19,1,1,1,1,90.7,23.5
104,345.0,4,14,1,3,0,1,61.6,13.9
104,345.0,3,17,0,1,0,1,73.6,4.0
103,160.0,2,13,0,2,0,1,66.8,8.7
105,245.0,6,17,1,2,1,0,98.2,11.8
102,460.0,0,12,0,0,0,2,55.7,15.9
104,345.0,2,21,1,3,0,2,64.6,27.6
105,245.0,1,18,0,3,0,1,68.2,14.4
103,160.0,1,20,0,3,1,3,53.0,40.8
104,345.0,3,7,0,0,0,0,54.4,1.7
103,160.0,6,5,1,3,1,2,60.5,34.7
102,460.0,4,11,0,1,0,0,52.1,4.7
105,245.0,2,7,0,3,0,1,78.9,11.8
103,160.0,1,14,0,0,0,1,42.3,8.2
105,245.0,1,8,1,2,0,0,87.1,12.7
103,160.0,3,5,0,2,0,1,57.7,11.3
105,245.0,1,12,0,2,0,1,63.7,15.6
105,245.0,5,22,1,2,0,1,80.7,7.5
104,345.0,3,14,0,0,1,1,37.5,20.7
103,160.0,3,10,1,3,1,0,48.8,13.8
104,345.0,3,8,0,2,1,2,63.2,23.1
101,135.0,3,22,0,0,1,2,41.1,28.5
104,345.0,0,7,1,0,1,0,77.6,16.6
105,245.0,6,8,1,0,0,1,84.8,12.0
102,460.0,0,20,0,2,0,0,52.6,2.4
103,160.0,3,13,0,0,0,1,50.4,8.8
103,160.0,2,15,0,3,0,1,41.0,7.6
103,160.0,5,21,1,3,0,0,74.1,11.4
102,460.0,2,13,0,2,0,1,41.7,5.2
103,160.0,5,15,1,0,0,0,63.5,11.0
104,345.0,4,21,0,3,1,1,37.1,19.3
101,135.0,5,15,1,2,1,1,71.1,20.3
102,460.0,1,18,0,2,0,1,77.8,10.2
102,460.0,4,18,0,3,0,1,61.7,11.0
101,135.0,3,7,1,3,0,1,97.4,18.3
103,160.0,5,13,1,0,0,1,62.7,17.0
101,135.0,5,14,1,3,0,2,76.0,23.0
105,245.0,4,19,1,0,1,3,90.3,49.7
105,245.0,1,20,0,1,0,1,37.5,13.6
103,160.0,1,7,0,3,0,0,71.5,3.2
105,245.0,2,12,0,2,0,0,66.8,6.6
101,135.0,5,10,1,1,0,1,66.1,9.8
105,245.0,1,17,0,3,1,1,63.3,21.5
101,135.0,2,14,0,1,0,1,48.9,11.5
104,345.0,4,11,0,3,0,0,36.5,1.6
105,245.0,2,19,0,0,0,2,71.5,22.8
105,245.0,4,16,0,2,0,0,77.2,6.1
101,135.0,1,6,0,3,0,0,42.2,0.0
105,245.0,3,13,1,1,0,2,60.0,26.4
105,245.0,1,10,0,1,0,1,26.9,15.8
102,460.0,3,12,1,0,1,2,48.1,29.5
104,345.0,4,18,0,0,0,0,66.3,0.0
103,160.0,5,18,1,0,0,1,90.6,16.0
101,135.0,2,14,0,3,0,1,34.2,12.0
104,345.0,0,22,0,3,0,1,30.9,12.6
105,245.0,6,11,1,3,1,2,57.9,31.9
105,245.0,4,14,1,0,0,0,65.9,6.0
103,160.0,0,13,0,1,0,0,49.3,1.0
103,160.0,4,17,1,1,0,1,91.1,11.7
104,345.0,4,18,1,0,0,1,78.0,13.6
102,460.0,1,12,0,1,2,2,40.4,45.0
102,460.0,5,16,1,2,0,1,60.6,16.6
104,345.0,1,20,1,3,0,2,70.0,24.6
101,135.0,5,21,1,0,2,1,45.7,36.8
105,245.0,5,18,1,0,0,3,90.5,42.3
103,160.0,0,7,0,2,1,0,80.8,4.4
103,160.0,5,14,1,0,0,1,57.0,9.6
101,135.0,0,13,0,0,0,2,43.3,17.3
101,135.0,2,22,0,2,0,0,56.1,5.2
104,345.0,3,20,0,3,2,1,46.6,26.5
104,345.0,5,9,1,3,0,1,91.9,12.2
102,460.0,5,10,1,1,1,2,54.4,35.7
101,135.0,2,14,0,3,0,0,42.1,0.1
105,245.0,0,6,1,1,0,1,51.3,13.0
104,345.0,1,20,0,3,0,1,36.3,15.4
105,245.0,1,8,0,1,0,2,69.5,16.5
105,245.0,1,14,0,1,0,1,25.3,9.6
104,345.0,2,20,0,0,0,1,42.4,3.9
102,460.0,2,12,0,1,0,1,34.8,7.0
104,345.0,0,21,1,2,0,1,80.0,15.2
101,135.0,4,6,0,2,1,2,35.9,24.3
102,460.0,0,18,0,1,0,2,69.8,21.6
102,460.0,5,13,1,2,1,3,87.9,54.2
102,460.0,3,8,0,2,0,0,75.8,0.1
104,345.0,3,16,0,1,1,1,41.5,12.7
102,460.0,4,12,0,1,1,1,50.9,18.3
104,345.0,1,21,0,1,0,0,47.4,2.7
104,345.0,4,7,1,1,0,1,80.3,15.2
105,245.0,2,13,0,1,0,1,46.3,8.4
103,160.0,2,11,0,3,2,3,53.1,53.6
101,135.0,0,10,0,3,0,0,37.3,2.8
101,135.0,6,9,1,1,0,0,69.8,4.6
102,460.0,1,7,0,1,2,1,77.9,28.5
101,135.0,3,8,0,0,2,2,71.4,38.6
105,245.0,5,19,1,0,0,1,73.3,10.0
101,135.0,4,22,1,1,0,1,69.0,12.5
103,160.0,0,21,0,1,1,3,59.1,46.3
102,460.0,1,10,0,3,1,1,40.6,18.4
105,245.0,2,15,0,0,0,2,52.9,23.3
102,460.0,4,21,0,2,0,0,48.9,0.2
105,245.0,3,16,0,0,0,0,55.0,5.5
103,160.0,5,22,1,2,0,1,58.9,17.2
102,460.0,4,11,0,1,0,1,34.3,13.4
102,460.0,2,22,1,3,1,2,58.5,32.9
103,160.0,3,18,0,0,0,1,71.6,10.3
101,135.0,6,8,1,3,1,1,74.3,27.2
102,460.0,0,11,0,3,0,0,59.3,0.0
105,245.0,2,21,0,1,2,0,30.6,25.0
104,345.0,0,16,0,1,0,1,35.0,12.4
103,160.0,3,5,0,3,0,2,41.0,16.2
101,135.0,2,13,0,0,0,0,36.2,1.6
102,460.0,3,6,0,2,0,1,64.5,5.4
101,135.0,4,8,0,3,0,2,58.2,13.3
103,160.0,6,12,1,1,0,2,69.1,21.0
102,460.0,1,15,0,1,0,3,56.8,39.2
101,135.0,6,10,1,3,0,1,50.9,17.7
103,160.0,4,15,0,0,0,1,40.0,12.4
105,245.0,2,14,0,2,1,0,53.3,8.4
102,460.0,1,17,1,3,1,2,93.9,31.1
102,460.0,6,19,1,0,0,3,94.2,44.4
104,345.0,5,7,1,0,1,0,76.9,16.2
103,160.0,4,12,0,2,1,1,50.9,16.5
102,460.0,5,8,1,0,0,1,67.6,17.2
103,160.0,5,15,1,3,0,1,60.1,16.6
104,345.0,3,12,0,0,0,1,46.1,11.2
105,245.0,0,12,0,2,0,1,55.5,14.2
105,245.0,4,8,0,3,1,1,70.7,14.8
104,345.0,1,19,0,2,0,0,70.1,3.4
101,135.0,1,17,0,0,0,0,73.8,1.7
104,345.0,5,18,1,2,1,0,100.0,15.5
102,460.0,0,14,1,2,0,1,84.6,14.1
104,345.0,5,14,1,0,0,1,64.2,15.7
103,160.0,1,12,0,2,1,1,57.5,22.0
101,135.0,5,22,1,3,0,1,55.7,13.7
103,160.0,5,9,1,0,0,0,89.1,2.9
102,460.0,2,18,0,0,1,1,73.6,17.4
104,345.0,4,13,0,2,0,0,68.7,5.9
102,460.0,0,10,0,2,0,0,47.2,3.7
104,345.0,2,14,0,1,0,1,32.5,11.5
102,460.0,3,20,0,0,0,1,51.5,7.8
103,160.0,2,16,0,1,0,1,48.7,14.9
103,160.0,3,6,0,2,0,3,67.9,35.8
101,135.0,1,8,0,2,0,2,81.3,16.2
101,135.0,0,16,0,3,0,1,49.9,9.6
102,460.0,1,11,0,3,0,1,48.1,13.3
103,160.0,1,6,0,2,0,1,68.9,12.7
101,135.0,6,16,1,3,0,3,54.5,43.6
101,135.0,3,15,0,2,1,0,50.5,5.9
104,345.0,2,19,0,0,0,1,65.3,11.5
103,160.0,5,6,1,3,0,2,72.6,26.5
101,135.0,1,16,0,3,0,1,44.4,3.8
104,345.0,5,7,1,2,0,0,92.9,1.6
104,345.0,1,9,0,1,0,2,89.6,23.1
105,245.0,3,17,0,2,0,0,76.7,3.8
102,460.0,1,6,0,0,1,2,46.0,22.5
102,460.0,3,17,0,0,1,0,80.9,6.9
105,245.0,6,12,1,3,0,1,73.3,14.6
105,245.0,0,11,0,1,0,0,48.0,6.6
102,460.0,2,8,0,0,0,1,82.5,6.3
102,460.0,3,18,0,2,0,1,78.2,6.7
105,245.0,0,7,0,3,0,0,62.7,0.7
102,460.0,6,22,1,1,0,0,58.7,13.5
101,135.0,4,20,0,2,0,2,67.2,20.2
105,245.0,4,16,0,0,0,1,59.9,10.2
101,135.0,5,20,1,3,0,3,53.8,41.6
104,345.0,1,19,0,2,0,2,85.7,21.0
101,135.0,0,7,0,0,0,1,64.4,9.4
105,245.0,5,12,1,0,0,2,60.2,25.2
101,135.0,2,5,0,2,0,1,48.1,7.3
102,460.0,1,21,0,1,0,0,54.8,5.6
104,345.0,6,19,1,2,1,2,94.2,28.7
101,135.0,6,16,1,2,0,1,53.1,18.8
102,460.0,6,11,1,0,1,2,48.0,35.7
104,345.0,2,12,1,0,0,2,56.5,21.8
103,160.0,6,17,1,0,0,1,87.2,18.8
104,345.0,2,15,1,3,0,3,64.1,45.1
102,460.0,6,6,1,1,0,1,56.2,12.0
103,160.0,0,13,0,2,0,1,47.6,8.5
102,460.0,4,6,0,2,2,1,61.7,34.0
101,135.0,4,19,0,3,0,3,69.8,38.2
104,345.0,2,11,0,2,1,1,63.2,19.6
105,245.0,1,6,0,3,0,1,48.3,10.2
103,160.0,5,6,1,2,0,2,54.6,24.8
103,160.0,5,20,1,3,0,0,69.4,8.4
102,460.0,1,10,0,1,0,0,48.4,4.9
102,460.0,6,20,1,2,0,1,58.0,18.1
104,345.0,3,8,0,0,1,1,67.6,20.8
101,135.0,0,11,1,3,0,1,70.5,12.8
104,345.0,2,21,0,3,0,2,51.8,18.7
104,345.0,4,9,0,3,0,1,77.5,8.7
101,135.0,5,22,1,1,2,1,85.5,39.0
103,160.0,6,8,1,0,0,2,76.0,25.2
101,135.0,5,18,1,3,0,0,91.0,6.8
105,245.0,3,21,0,3,0,2,58.1,26.6
105,245.0,5,17,1,3,0,2,89.1,27.3
104,345.0,4,16,0,3,0,1,56.5,12.2
104,345.0,4,8,0,3,1,0,69.3,10.7
103,160.0,0,22,0,2,0,1,75.5,10.0
104,345.0,0,17,0,2,0,1,77.6,9.8
104,345.0,1,18,0,1,0,1,72.2,12.2
104,345.0,4,14,0,1,0,0,46.2,0.0
104,345.0,0,10,0,3,0,1,54.1,10.6
105,245.0,5,11,1,2,1,1,71.3,21.4
105,245.0,4,10,0,3,0,2,41.4,17.7
103,160.0,0,10,1,1,0,1,54.8,18.3
103,160.0,6,16,1,2,0,1,63.8,16.1
102,460.0,5,7,1,2,0,1,96.2,16.3
105,245.0,4,6,0,0,0,1,33.7,9.7
104,345.0,6,19,1,2,0,0,90.0,3.4
105,245.0,0,8,0,1,0,1,65.9,8.7
105,245.0,3,16,1,2,0,1,70.9,18.1
101,135.0,4,18,1,3,0,2,83.7,28.2
103,160.0,3,16,0,2,1,0,50.7,9.3
103,160.0,6,19,1,2,0,1,100.0,17.4
103,160.0,2,17,0,2,0,1,68.7,10.5
101,135.0,5,11,1,1,0,1,68.2,14.9
102,460.0,5,10,1,2,0,1,67.2,13.1
102,460.0,2,22,0,2,0,2,63.7,19.3
103,160.0,6,11,1,3,2,0,69.1,27.9
101,135.0,1,6,0,1,0,0,41.8,6.7
101,135.0,3,18,0,2,0,3,89.0,32.4
102,460.0,1,22,0,0,0,0,42.4,0.0
105,245.0,0,19,0,3,1,0,73.7,7.5
103,160.0,5,5,1,0,0,2,86.4,31.2
101,135.0,1,16,1,1,0,1,60.0,13.5
101,135.0,0,12,0,3,0,1,52.3,13.3
105,245.0,6,21,1,0,0,1,67.7,19.3
102,460.0,5,11,1,0,0,1,68.2,14.8
105,245.0,2,21,1,1,0,2,64.4,23.3
104,345.0,4,6,0,3,0,0,40.0,0.0
102,460.0,3,11,0,1,1,1,49.2,16.9
104,345.0,3,10,0,1,0,2,41.4,26.9
101,135.0,2,16,0,1,0,1,44.6,6.4
101,135.0,1,21,0,3,0,1,44.7,11.2
102,460.0,2,14,0,0,0,2,59.0,15.9
105,245.0,2,14,0,2,0,2,38.0,22.1
105,245.0,5,8,1,3,0,3,83.4,41.8
102,460.0,0,16,1,2,1,3,68.6,49.3
103,160.0,3,10,0,2,0,3,73.4,36.5
102,460.0,3,13,0,3,0,0,28.8,2.4
101,135.0,4,5,0,1,0,1,43.9,11.7
105,245.0,5,18,1,2,0,1,96.5,12.8
103,160.0,4,10,0,1,0,2,42.7,13.9
105,245.0,2,7,1,2,0,1,100.0,12.6
103,160.0,0,19,0,1,0,3,62.5,31.3
101,135.0,0,12,0,1,0,2,22.8,26.2
102,460.0,6,15,1,0,0,0,72.7,9.9
104,345.0,3,12,1,1,0,1,60.7,12.6
105,245.0,1,22,0,0,0,0,57.6,0.0
102,460.0,5,6,1,3,0,1,77.8,15.4
103,160.0,3,21,0,1,1,2,43.8,28.4
104,345.0,4,20,0,2,0,1,51.8,10.5
101,135.0,0,9,0,3,0,1,72.7,10.6
104,345.0,2,6,0,1,2,1,52.7,36.4
103,160.0,3,20,0,3,1,2,45.2,27.5
104,345.0,2,7,1,1,0,0,86.0,6.3
102,460.0,2,22,1,0,0,1,59.4,15.2
103,160.0,0,20,0,0,1,1,54.1,17.9
104,345.0,1,8,1,1,1,2,89.2,29.5
105,245.0,1,22,1,3,0,1,60.3,15.7
103,160.0,2,12,0,0,0,1,36.1,4.3
103,160.0,1,20,0,0,0,2,44.9,20.9
101,135.0,3,16,0,3,0,0,63.3,0.0
101,135.0,4,20,0,3,0,0,42.2,3.3
105,245.0,2,20,0,0,2,2,46.7,38.8
103,160.0,4,11,0,3,0,0,46.7,2.1
104,345.0,3,22,0,2,0,3,57.1,33.8
101,135.0,2,17,0,3,0,1,65.0,11.0
104,345.0,4,7,0,2,0,1,87.9,13.0
102,460.0,6,11,1,3,1,0,64.2,13.2
104,345.0,5,11,1,0,0,2,57.5,25.7
102,460.0,5,11,1,2,2,1,77.1,36.2
102,460.0,5,8,1,0,0,0,91.7,7.7
101,135.0,3,14,0,0,0,2,43.2,19.4
105,245.0,2,17,0,0,0,0,87.0,1.2
104,345.0,5,12,1,3,0,1,56.7,18.0
104,345.0,5,11,1,0,0,1,52.9,18.1
105,245.0,5,10,1,0,0,1,52.6,15.8
104,345.0,1,17,0,3,1,1,69.7,21.6
104,345.0,5,11,1,2,0,0,88.4,3.7
104,345.0,4,21,0,2,0,1,60.1,3.8
103,160.0,0,21,0,1,0,2,50.7,21.4
103,160.0,3,5,0,1,1,0,41.9,7.9
105,245.0,4,6,0,1,2,2,38.0,37.8
102,460.0,0,12,0,1,0,0,49.7,0.9
101,135.0,5,9,1,2,0,1,100.0,16.1
101,135.0,0,7,0,3,0,0,65.8,3.4
104,345.0,0,11,0,0,0,1,41.3,9.9
103,160.0,5,20,1,1,0,0,42.3,9.8
102,460.0,5,6,1,3,0,1,49.4,11.0
101,135.0,6,11,1,3,0,1,59.9,11.3
104,345.0,1,19,0,1,0,0,68.1,0.5
103,160.0,1,9,0,2,2,3,89.7,54.2
103,160.0,5,14,1,3,0,1,67.2,13.2
101,135.0,2,20,0,3,0,2,39.7,23.7
103,160.0,3,19,0,0,0,2,82.9,16.1
102,460.0,2,17,0,2,0,1,88.4,9.4
102,460.0,4,5,0,0,1,0,52.6,5.7
102,460.0,3,15,0,2,0,0,60.3,3.6
103,160.0,2,13,0,2,0,0,48.1,1.9
102,460.0,4,6,1,3,0,1,66.2,17.9
105,245.0,2,21,0,0,0,2,47.6,21.8
101,135.0,4,5,0,3,0,2,52.1,25.7
101,135.0,0,6,0,1,0,0,29.4,0.0
104,345.0,3,13,0,2,0,1,49.4,14.3
101,135.0,0,7,0,1,0,0,62.9,3.1
104,345.0,6,10,1,3,1,1,73.7,23.0
101,135.0,4,12,0,3,1,1,39.4,9.7
101,135.0,3,5,0,0,0,0,43.9,0.0
103,160.0,5,7,1,3,0,2,93.0,25.2
103,160.0,3,6,0,1,2,1,44.0,33.0
102,460.0,5,10,1,1,0,1,51.6,17.5
104,345.0,3,11,0,0,0,0,40.5,5.5
103,160.0,4,12,1,3,0,0,63.8,8.4
104,345.0,4,10,0,3,0,1,57.1,11.5
105,245.0,6,8,1,0,0,1,89.3,15.9
102,460.0,3,5,0,1,0,1,42.0,4.0
101,135.0,5,7,1,0,0,1,76.8,15.6
105,245.0,3,13,0,0,0,1,44.4,4.0
103,160.0,1,19,0,0,0,1,67.3,7.9
103,160.0,6,21,1,2,0,2,71.3,27.6
103,160.0,5,11,1,1,1,0,74.6,17.2
104,345.0,1,10,0,3,0,3,59.1,36.2
101,135.0,6,7,1,0,0,0,82.8,5.0
104,345.0,4,17,1,0,0,1,78.4,13.8
105,245.0,4,10,0,3,0,0,47.9,4.1
105,245.0,4,17,0,0,0,1,80.4,4.7
104,345.0,0,21,0,1,0,2,43.2,21.3
103,160.0,5,5,1,1,0,1,60.2,15.3
105,245.0,0,7,0,3,1,1,61.0,19.1
103,160.0,5,17,1,1,0,2,90.8,19.6
104,345.0,2,21,0,0,0,1,40.1,12.0
103,160.0,4,10,1,3,0,0,45.2,10.8
104,345.0,4,17,0,2,0,1,87.4,8.1
104,345.0,5,5,1,3,0,0,57.4,9.5
103,160.0,4,13,0,0,0,0,39.3,2.8
104,345.0,2,13,0,2,0,1,53.5,7.6
101,135.0,2,9,0,0,0,0,70.6,4.1
103,160.0,3,6,1,3,0,0,72.4,7.2
103,160.0,2,15,0,0,0,0,45.3,0.0
103,160.0,1,10,1,3,0,3,58.7,42.4
101,135.0,4,12,0,1,0,1,55.7,10.7
104,345.0,2,10,0,2,0,1,55.7,15.3
102,460.0,6,22,1,0,0,1,55.6,19.2
101,135.0,4,16,0,0,0,1,39.4,12.3
101,135.0,2,19,0,3,0,1,60.3,14.3
103,160.0,0,10,0,2,2,0,59.4,20.6
101,135.0,2,13,0,0,0,1,49.9,13.2
101,135.0,2,12,0,0,0,1,53.5,14.1
105,245.0,6,17,1,0,0,1,92.0,15.0
105,245.0,0,17,1,2,0,1,100.0,18.0
104,345.0,1,14,1,3,0,3,62.6,45.6
103,160.0,4,11,1,0,0,1,58.2,15.1
104,345.0,4,9,0,1,0,3,68.2,32.5
104,345.0,5,20,1,3,0,1,71.9,11.4
101,135.0,3,7,0,2,0,1,86.2,10.0
104,345.0,0,8,0,0,1,0,74.2,11.5
101,135.0,0,17,0,3,0,2,68.9,22.6
104,345.0,3,21,1,1,1,0,65.1,23.3
101,135.0,4,5,0,2,0,2,61.4,17.0
101,135.0,3,15,0,2,0,0,47.4,1.5
104,345.0,3,9,0,3,1,0,75.4,5.5
103,160.0,1,14,0,3,1,1,42.3,14.1
103,160.0,4,22,0,0,0,0,54.8,2.2
101,135.0,3,6,0,0,0,0,55.6,7.7
103,160.0,6,15,1,1,0,1,49.3,14.5
105,245.0,4,18,0,0,0,1,72.0,16.6
105,245.0,1,12,1,1,2,1,64.3,33.5
105,245.0,6,8,1,0,0,3,88.7,39.2
104,345.0,4,21,0,1,1,2,56.5,24.5
104,345.0,4,13,0,0,0,1,44.2,10.7
103,160.0,2,19,0,0,0,1,54.1,8.4
104,345.0,6,16,1,2,0,1,91.3,14.9
102,460.0,3,21,0,1,0,2,45.2,23.6
103,160.0,0,5,0,1,0,1,38.3,10.9
105,245.0,3,13,0,2,0,2,57.8,26.5
101,135.0,4,18,1,0,0,0,100.0,7.2
105,245.0,6,17,1,0,1,0,81.2,14.4
103,160.0,1,12,0,3,0,1,47.7,15.0
104,345.0,0,16,0,3,0,1,37.5,10.3
104,345.0,0,19,0,3,1,0,70.4,11.3
103,160.0,2,6,0,0,0,2,44.0,27.5
103,160.0,6,14,1,1,0,1,55.0,6.5
101,135.0,3,7,0,3,0,3,73.3,37.7
101,135.0,5,19,1,3,0,1,82.3,21.9
102,460.0,1,13,1,2,0,2,58.8,24.8
103,160.0,1,11,0,2,0,0,61.3,5.8
104,345.0,3,17,0,2,2,0,80.9,23.8
102,460.0,0,15,0,0,0,3,54.3,36.6
101,135.0,2,10,1,2,1,1,67.8,23.5
103,160.0,2,19,0,2,0,1,81.2,6.6
103,160.0,6,7,1,0,1,2,72.6,33.0
101,135.0,0,18,0,3,0,0,57.4,0.0
101,135.0,4,13,1,2,1,1,73.7,20.7
105,245.0,6,18,1,2,1,1,100.0,24.4
103,160.0,2,6,0,0,0,2,46.8,22.2
102,460.0,3,21,0,3,2,0,54.8,23.9
102,460.0,1,8,0,3,0,1,76.8,10.4
105,245.0,1,10,0,1,0,1,39.2,8.8
101,135.0,5,16,1,2,0,2,84.3,26.7
105,245.0,0,22,0,0,1,0,40.4,5.7
105,245.0,3,15,0,0,1,1,42.1,18.0
101,135.0,0,15,0,1,0,2,39.2,22.3
102,460.0,3,6,0,3,0,3,46.6,34.1
101,135.0,1,22,0,3,2,1,42.9,33.7
102,460.0,3,11,0,1,0,2,48.5,20.3
104,345.0,5,15,1,3,0,0,57.4,6.3
101,135.0,0,8,0,0,0,1,68.4,9.7
101,135.0,3,18,0,0,0,1,77.0,7.2
102,460.0,6,12,1,3,0,0,62.8,11.6
105,245.0,4,12,0,2,0,1,67.4,8.4
105,245.0,2,8,0,3,0,0,73.5,1.7
101,135.0,1,8,0,0,0,1,60.0,8.8
104,345.0,2,8,0,0,0,3,66.0,36.3
105,245.0,1,11,0,3,0,0,42.7,0.5
102,460.0,1,19,0,1,0,1,79.5,14.1
103,160.0,3,11,0,1,0,1,44.7,12.5
101,135.0,1,7,0,2,1,1,80.2,12.1
101,135.0,5,15,1,0,0,1,58.8,12.2
103,160.0,2,16,0,0,0,0,55.4,0.0
102,460.0,6,7,1,0,0,1,72.4,12.6
101,135.0,6,19,1,1,1,2,91.5,32.0
101,135.0,3,11,0,1,0,0,34.2,1.5
105,245.0,6,6,1,2,0,0,69.3,9.4
103,160.0,6,12,1,2,0,0,73.5,2.6
104,345.0,0,7,0,3,0,1,76.8,9.0
103,160.0,3,10,1,3,0,1,51.0,12.6
104,345.0,0,17,0,1,2,0,63.1,21.9
105,245.0,1,20,0,2,1,2,64.8,28.2
101,135.0,1,6,1,0,1,0,56.7,16.4
105,245.0,6,11,1,0,0,1,49.3,17.7
102,460.0,5,22,1,0,0,0,65.5,7.4
102,460.0,3,8,0,2,0,1,81.4,12.0
104,345.0,5,12,1,3,0,1,52.0,18.7
103,160.0,3,16,0,0,2,2,52.5,36.9
102,460.0,4,5,0,0,0,0,45.6,8.5
104,345.0,3,15,0,3,0,0,43.4,0.0
103,160.0,0,14,0,1,0,0,45.2,5.5
103,160.0,1,18,0,1,1,1,76.4,18.4
104,345.0,6,5,1,2,1,0,63.2,11.0
104,345.0,3,12,0,2,0,1,54.0,14.4
101,135.0,3,15,0,1,0,0,45.3,2.4
103,160.0,6,17,1,2,0,1,83.0,14.2
105,245.0,5,8,1,1,1,1,89.0,24.3
101,135.0,0,8,0,2,0,0,85.5,2.7
102,460.0,4,15,0,3,0,0,49.8,7.6
102,460.0,6,5,1,2,1,0,72.4,16.4
102,460.0,6,21,1,1,0,0,57.4,6.2
102,460.0,6,13,1,0,0,1,57.0,13.3
104,345.0,2,13,0,0,0,2,42.9,15.3
105,245.0,2,20,0,3,0,1,55.2,10.5
102,460.0,0,18,0,0,1,1,80.4,9.0
103,160.0,5,14,1,2,0,3,67.8,39.1
102,460.0,3,7,1,2,0,2,100.0,27.0
103,160.0,4,16,0,2,0,1,59.9,7.9
102,460.0,2,7,1,0,0,2,67.1,21.7
101,135.0,1,14,0,0,0,0,15.9,8.3
102,460.0,3,20,0,1,1,2,42.6,29.9
105,245.0,5,20,1,2,0,1,73.1,16.2
104,345.0,4,17,0,2,0,0,77.7,7.1
101,135.0,4,5,0,1,0,1,47.1,15.9
104,345.0,0,21,1,1,0,0,52.3,4.7
105,245.0,6,21,1,2,0,2,69.0,23.8
104,345.0,0,19,0,2,1,2,73.5,25.7
103,160.0,6,17,1,2,1,0,90.3,18.9
101,135.0,6,6,1,0,0,2,73.4,23.7
101,135.0,2,18,0,3,0,2,71.7,23.4
104,345.0,2,11,1,2,1,0,65.7,14.3
105,245.0,0,12,0,3,0,2,63.1,20.5
101,135.0,0,7,0,3,0,3,60.7,36.1
104,345.0,2,6,0,0,0,0,43.6,0.0
101,135.0,1,19,0,3,1,0,68.7,8.0
105,245.0,0,22,1,3,0,3,59.2,41.9
104,345.0,2,8,0,2,0,1,85.3,14.3
101,135.0,4,10,0,1,1,0,45.7,9.6
104,345.0,1,21,0,3,1,2,49.0,28.4
101,135.0,3,18,0,2,0,1,70.1,11.1
102,460.0,4,8,0,2,0,0,82.5,0.0
104,345.0,4,18,0,0,0,0,95.7,0.0
103,160.0,4,18,0,2,0,1,93.7,6.6
101,135.0,4,5,0,2,0,0,64.2,1.0
105,245.0,1,20,0,3,0,0,41.9,0.0
104,345.0,2,15,0,1,0,1,28.5,6.5
105,245.0,6,16,1,0,0,0,57.9,5.0
102,460.0,1,11,0,3,1,1,42.4,18.8
105,245.0,0,9,1,1,0,0,99.2,0.5
101,135.0,1,11,0,1,1,1,47.7,14.4
104,345.0,2,6,0,0,0,1,38.1,5.0
105,245.0,1,19,0,0,0,3,60.1,41.4
104,345.0,6,10,1,0,0,1,52.0,18.4
102,460.0,5,5,1,2,0,0,82.8,11.6
101,135.0,4,8,0,2,0,0,74.1,3.9
104,345.0,3,17,0,0,1,3,65.8,44.8
101,135.0,5,11,1,2,0,1,69.7,12.4
102,460.0,6,14,1,2,1,1,77.9,21.7
105,245.0,3,7,0,2,0,1,75.3,9.0
102,460.0,4,20,0,1,0,1,42.4,11.2
104,345.0,0,22,0,3,0,0,42.1,1.3
101,135.0,3,14,0,0,0,0,42.4,4.3
104,345.0,5,19,1,0,1,0,82.7,8.0
101,135.0,5,9,1,3,0,2,86.4,26.4
105,245.0,6,5,1,0,0,0,57.6,5.5
105,245.0,1,10,0,3,0,1,43.8,12.4
104,345.0,0,12,0,1,0,2,40.3,17.4
105,245.0,3,20,0,3,0,0,45.1,4.7
105,245.0,0,15,0,1,0,1,39.1,7.6
105,245.0,4,6,0,2,0,2,67.2,18.9
102,460.0,0,15,0,2,0,3,44.5,41.0
103,160.0,2,14,0,3,1,1,55.2,15.3
104,345.0,5,10,1,3,0,0,51.9,5.0
104,345.0,5,9,1,1,0,0,84.2,6.3
104,345.0,0,20,0,2,0,1,65.3,8.5
103,160.0,3,8,0,0,0,1,74.6,6.5
105,245.0,6,22,1,2,0,1,53.8,17.5
101,135.0,5,20,1,3,0,1,40.6,15.8
104,345.0,6,17,1,0,0,1,100.0,15.0
102,460.0,1,10,0,1,0,1,50.7,13.5
103,160.0,6,21,1,0,0,1,87.1,14.9
104,345.0,0,13,0,0,0,0,54.9,2.3
104,345.0,1,14,0,0,0,3,33.9,33.6
105,245.0,0,18,0,3,0,1,79.1,7.1
105,245.0,0,19,0,1,0,0,56.5,1.8
102,460.0,6,11,1,3,0,2,62.1,24.2
102,460.0,6,19,1,2,0,0,85.5,9.3
103,160.0,0,21,0,3,1,1,45.2,13.9
101,135.0,5,20,1,2,1,1,75.2,21.0
105,245.0,3,5,0,2,0,1,65.2,8.7
101,135.0,4,8,0,3,2,2,72.9,34.5
103,160.0,6,7,1,1,0,2,64.9,24.9
104,345.0,0,5,0,1,0,0,48.9,1.4
105,245.0,6,10,1,1,0,3,52.8,40.6
103,160.0,6,11,1,2,0,1,66.6,17.1
105,245.0,2,22,0,1,0,1,33.8,8.2
103,160.0,6,21,1,0,1,3,67.9,51.7
102,460.0,3,11,0,0,1,1,50.6,10.7
104,345.0,2,20,0,2,0,1,44.1,8.7
102,460.0,3,10,0,2,0,0,57.1,0.0
102,460.0,2,19,0,1,0,1,68.6,10.5
103,160.0,3,22,1,0,1,0,60.1,10.8
105,245.0,3,7,0,2,0,1,68.9,6.8
104,345.0,2,7,0,0,0,1,60.9,8.0
103,160.0,1,8,0,3,0,1,68.6,10.3
104,345.0,3,20,0,1,1,0,51.7,7.2
104,345.0,5,21,1,1,0,0,62.8,7.2
104,345.0,2,20,0,3,0,0,41.0,3.1
103,160.0,2,5,1,1,0,3,63.5,42.9
103,160.0,4,17,0,2,0,2,74.9,22.8
105,245.0,3,8,0,3,1,1,72.9,18.5
103,160.0,3,20,0,0,0,1,44.3,13.0
104,345.0,1,13,0,3,1,0,45.8,10.8
104,345.0,0,5,0,1,0,3,40.0,37.1
104,345.0,5,6,1,0,0,0,72.4,7.3
103,160.0,2,20,0,0,0,0,41.8,0.0
101,135.0,6,12,1,1,0,0,50.4,3.5
101,135.0,1,13,1,0,0,1,44.6,15.3
105,245.0,0,13,1,1,0,0,60.6,14.5
104,345.0,0,17,0,1,0,0,66.6,4.5
101,135.0,0,15,0,0,0,2,51.0,20.9
103,160.0,0,9,0,3,0,1,68.2,8.5
104,345.0,1,18,0,0,0,1,71.2,7.2
103,160.0,1,9,0,1,0,1,66.7,14.1
101,135.0,4,11,0,2,0,0,64.9,0.0
104,345.0,1,6,0,3,0,0,38.4,3.0
103,160.0,0,5,0,1,1,1,65.1,16.7
104,345.0,1,8,0,1,2,1,72.8,28.3
104,345.0,4,19,1,2,0,1,98.7,15.3
104,345.0,5,9,1,0,0,1,89.6,15.5
101,135.0,4,13,0,1,0,2,48.4,20.1
105,245.0,6,11,1,3,2,2,67.7,46.3
102,460.0,1,19,1,2,1,0,86.2,16.3
103,160.0,3,15,0,2,0,1,61.5,10.4
103,160.0,4,19,0,0,0,1,68.4,14.1
102,460.0,6,19,1,2,0,1,100.0,15.8
104,345.0,4,6,0,2,0,0,58.1,0.3
105,245.0,6,6,1,1,0,3,60.5,44.8
103,160.0,5,16,1,3,0,1,63.7,14.0
103,160.0,6,15,1,3,0,1,71.2,13.7
103,160.0,1,10,0,2,0,0,55.3,4.6
104,345.0,0,13,0,3,0,2,42.2,23.0
102,460.0,1,15,0,3,1,0,52.3,7.0
102,460.0,4,11,0,2,0,0,55.1,3.6
104,345.0,3,13,0,1,1,1,55.0,17.1
102,460.0,5,13,1,2,0,0,58.3,10.4
102,460.0,4,8,0,3,0,3,64.5,39.6
105,245.0,2,7,1,1,0,1,89.8,17.1
103,160.0,3,13,1,3,1,2,60.6,36.1
104,345.0,6,9,1,2,0,2,100.0,21.1
104,345.0,5,7,1,3,2,1,86.1,35.6
102,460.0,4,19,0,3,0,1,72.4,11.4
101,135.0,2,10,0,3,0,1,34.0,9.6
103,160.0,3,13,0,0,0,0,54.8,4.1
105,245.0,2,6,0,0,1,1,33.9,17.9
102,460.0,3,10,1,2,1,1,64.9,21.2
102,460.0,2,14,0,0,0,1,55.3,9.5
105,245.0,3,12,0,1,1,0,37.7,5.3
103,160.0,6,10,1,3,1,1,73.5,15.9
104,345.0,5,21,1,1,0,1,52.5,10.8
101,135.0,6,14,1,2,0,2,70.9,23.9
104,345.0,5,18,1,3,0,1,88.1,18.2
105,245.0,4,14,0,2,0,1,63.3,9.6
101,135.0,1,7,0,0,0,1,88.9,10.1
103,160.0,5,12,1,2,0,1,74.0,14.9
104,345.0,1,16,0,1,0,1,44.1,13.5
101,135.0,4,17,0,1,0,1,51.2,8.8
105,245.0,1,8,0,2,0,0,73.2,4.0
101,135.0,0,18,0,1,1,2,70.6,27.7
103,160.0,6,13,1,0,0,1,62.7,17.4
102,460.0,1,12,0,0,1,1,42.5,14.0
101,135.0,3,8,0,1,0,2,77.3,18.0
105,245.0,6,6,1,2,0,2,63.0,21.2
104,345.0,5,16,1,3,2,0,61.2,24.9
103,160.0,0,11,0,0,0,2,46.9,20.3
101,135.0,1,5,0,3,0,1,42.3,11.6
105,245.0,0,17,0,1,1,1,68.7,17.5
101,135.0,2,15,0,3,1,0,50.3,10.7
103,160.0,6,12,1,1,0,0,70.8,4.2
104,345.0,1,10,0,2,0,0,62.9,5.9
105,245.0,2,5,1,2,0,2,79.4,28.4
101,135.0,1,11,1,1,0,0,64.7,4.5
101,135.0,5,14,1,1,0,0,46.9,9.2
104,345.0,6,16,1,2,0,1,73.1,13.2
103,160.0,3,13,0,1,0,1,38.3,14.9
103,160.0,2,14,0,0,1,1,54.0,17.3
104,345.0,1,14,0,3,0,1,49.3,10.0
104,345.0,5,21,1,3,1,1,56.6,20.9
105,245.0,2,10,0,0,0,2,49.9,14.9
104,345.0,4,22,1,1,0,1,57.2,14.8
104,345.0,6,7,1,0,0,0,86.4,0.0
102,460.0,2,17,0,3,0,1,68.6,7.4
103,160.0,5,11,1,1,0,1,70.2,14.0
101,135.0,3,6,0,1,0,0,51.9,4.5
101,135.0,0,20,0,3,0,1,45.5,11.1
105,245.0,3,20,0,0,0,1,39.7,10.4
101,135.0,0,14,0,3,0,1,66.8,5.9
103,160.0,4,16,0,3,0,2,29.1,21.6
104,345.0,3,10,0,3,0,1,52.4,6.3
105,245.0,0,7,0,2,0,1,83.7,11.0
105,245.0,4,20,0,2,0,2,44.0,21.0
105,245.0,1,12,0,2,0,1,48.3,16.4
102,460.0,4,15,0,2,2,1,36.5,25.7
104,345.0,3,10,0,0,0,1,52.6,13.9
103,160.0,0,10,0,2,0,0,59.7,3.1
101,135.0,2,17,0,0,0,1,60.6,5.9
104,345.0,3,13,0,3,0,1,37.7,9.1
105,245.0,6,5,1,3,0,0,62.0,4.5
104,345.0,1,20,0,0,0,1,47.5,10.4
102,460.0,6,22,1,0,1,0,72.4,14.1
105,245.0,6,8,1,3,0,1,96.5,11.9
103,160.0,4,6,0,1,0,0,34.5,2.5
104,345.0,0,22,0,1,0,0,50.7,0.8
104,345.0,1,7,0,1,0,0,75.8,0.3
102,460.0,3,22,0,2,0,3,57.8,40.1
103,160.0,2,9,0,0,0,1,79.7,7.8
101,135.0,1,22,0,0,0,3,40.5,38.9
101,135.0,3,19,0,3,0,3,68.4,39.1
101,135.0,0,22,0,3,0,1,62.0,10.4
104,345.0,1,8,0,1,1,1,58.7,14.1
105,245.0,3,13,0,1,1,1,43.1,19.8
104,345.0,5,8,1,0,0,2,83.2,24.1
105,245.0,5,11,1,0,0,0,62.5,7.7
104,345.0,2,18,0,0,0,0,89.4,1.8
101,135.0,4,15,0,0,1,1,39.0,13.6
103,160.0,3,6,0,0,0,0,51.8,0.0
105,245.0,5,22,1,0,0,0,52.0,5.8
105,245.0,2,19,0,1,0,1,65.7,8.2
101,135.0,2,5,0,3,1,1,48.9,17.1
101,135.0,0,5,1,2,1,0,72.1,16.0
102,460.0,5,14,1,3,0,1,62.8,14.4
104,345.0,5,12,1,1,0,1,58.5,13.7
101,135.0,6,13,1,1,0,1,49.3,16.9
102,460.0,5,22,1,1,0,1,57.7,12.2
104,345.0,2,9,0,2,1,1,83.8,12.9
105,245.0,4,12,0,0,0,1,54.5,8.9
101,135.0,3,10,0,0,0,0,43.7,3.4
101,135.0,4,7,0,0,1,1,57.8,18.7
105,245.0,6,8,1,2,1,1,90.8,23.0
101,135.0,6,12,1,2,2,3,74.9,63.6
105,245.0,6,11,1,1,0,2,62.4,22.2
102,460.0,4,12,0,1,2,0,42.1,21.4
105,245.0,4,8,0,3,0,1,77.0,14.3
102,460.0,4,20,0,1,0,0,41.0,2.5
101,135.0,5,14,1,2,0,0,69.5,7.9
101,135.0,6,16,1,0,0,1,62.2,13.8
103,160.0,3,7,0,1,0,1,69.0,8.1
102,460.0,2,14,0,0,0,1,46.0,6.3
101,135.0,3,9,0,3,0,1,64.9,12.6
101,135.0,6,22,1,2,0,0,59.8,4.9
104,345.0,6,15,1,1,0,1,58.1,8.8
103,160.0,1,16,0,2,0,2,72.1,24.1
103,160.0,4,13,0,2,2,0,60.3,22.6
104,345.0,4,16,0,3,0,0,40.7,0.1
101,135.0,1,19,0,2,0,1,81.8,6.5
101,135.0,1,6,0,0,0,0,36.8,0.0
104,345.0,5,6,1,0,1,1,61.3,27.6
101,135.0,2,6,0,2,0,0,60.1,1.5
105,245.0,0,15,0,3,1,0,46.5,5.7
104,345.0,2,22,0,0,1,1,44.8,17.0
101,135.0,6,12,1,1,0,1,58.5,16.7
103,160.0,0,19,0,2,0,1,69.0,9.1
104,345.0,4,13,0,0,0,0,47.4,0.0
102,460.0,2,11,0,1,0,1,54.1,9.0
101,135.0,0,11,0,1,1,2,41.3,25.6
102,460.0,3,8,1,0,0,1,89.3,12.9
104,345.0,3,18,0,2,1,2,94.6,24.5
104,345.0,4,15,0,3,0,1,48.9,6.6
105,245.0,4,5,0,1,0,0,39.6,0.0
102,460.0,4,18,0,0,1,2,76.8,26.1
101,135.0,5,19,1,0,0,0,80.1,9.5
103,160.0,0,7,0,1,0,0,67.3,2.4
102,460.0,2,6,0,0,1,0,49.0,7.1
101,135.0,5,8,1,1,0,3,87.4,47.7
105,245.0,6,13,1,0,0,0,65.7,3.5
105,245.0,0,18,0,1,0,1,74.0,6.5
104,345.0,5,5,1,3,0,0,67.8,7.5
104,345.0,3,10,0,0,0,1,42.7,9.1
102,460.0,1,11,0,2,0,1,40.8,10.6
104,345.0,0,22,0,1,0,0,41.6,0.0
104,345.0,2,18,1,1,1,1,74.6,24.4
104,345.0,1,11,1,1,0,1,42.8,18.0
105,245.0,1,7,0,1,0,1,76.9,10.1
103,160.0,1,17,0,2,0,1,78.3,10.8
104,345.0,4,5,0,3,1,0,36.4,6.6
101,135.0,0,18,0,3,0,1,67.2,8.7
105,245.0,5,17,1,3,0,0,81.1,5.8
104,345.0,6,18,1,2,0,2,96.6,28.1
103,160.0,6,20,1,2,1,1,71.1,17.9
101,135.0,5,17,1,0,0,1,82.5,17.8
105,245.0,1,12,1,0,0,1,50.2,13.2
103,160.0,4,22,0,0,0,2,32.3,21.5
104,345.0,0,15,0,3,0,0,46.5,0.3
105,245.0,1,18,0,3,0,0,66.9,0.0
101,135.0,3,19,0,1,1,1,72.6,14.8
103,160.0,6,22,1,0,0,1,47.4,13.3
105,245.0,4,21,1,1,0,1,62.7,13.8
103,160.0,5,17,1,1,0,0,86.4,8.6
105,245.0,4,21,1,3,0,1,61.4,12.8
103,160.0,0,14,0,3,0,1,56.4,12.3
101,135.0,1,9,1,3,2,1,88.6,30.8
101,135.0,6,8,1,0,0,2,100.0,26.5
101,135.0,0,20,0,1,2,3,47.9,56.3
105,245.0,2,19,0,1,0,1,81.6,14.7
101,135.0,6,9,1,0,0,0,90.4,6.8
105,245.0,3,19,0,3,1,3,78.6,43.6
102,460.0,4,19,0,3,1,1,84.7,19.7
103,160.0,5,13,1,2,2,2,69.3,45.5
102,460.0,3,10,0,1,0,1,53.7,10.2
101,135.0,1,9,0,0,0,0,70.3,0.0
103,160.0,0,13,0,0,0,2,54.3,21.4
103,160.0,4,10,0,2,0,0,54.4,3.4
102,460.0,6,21,1,0,0,1,62.8,11.8
105,245.0,2,6,0,3,0,0,42.8,2.5
102,460.0,2,5,0,2,0,1,60.8,8.2
102,460.0,1,5,0,3,0,0,42.1,0.0
102,460.0,6,19,1,3,0,2,84.5,22.5
104,345.0,6,12,1,3,1,1,50.5,19.9
104,345.0,4,19,0,3,1,1,63.4,12.6
102,460.0,4,8,0,1,0,2,68.1,22.1
101,135.0,3,8,0,3,0,1,72.8,11.4
101,135.0,5,13,1,1,2,2,64.6,42.5
105,245.0,0,7,0,0,0,2,71.2,12.4
105,245.0,3,8,0,1,2,2,77.9,35.4
101,135.0,2,20,0,0,0,1,38.1,14.9
105,245.0,5,9,1,0,2,0,77.6,26.6
104,345.0,0,13,0,2,0,1,53.1,8.4
105,245.0,0,15,0,0,0,1,17.6,11.7
101,135.0,3,16,0,1,0,1,34.2,11.4
105,245.0,4,17,0,1,1,0,84.3,16.4
102,460.0,3,10,0,2,0,2,65.7,20.3
102,460.0,5,5,1,2,0,1,79.4,20.2
105,245.0,0,9,0,3,1,1,78.6,18.4
102,460.0,3,7,1,2,0,1,100.0,10.2
105,245.0,3,15,0,1,0,3,40.4,40.5
102,460.0,4,19,0,3,0,0,60.6,0.0
102,460.0,1,11,0,3,0,1,41.0,11.8
105,245.0,4,16,0,0,1,2,42.6,25.4
104,345.0,5,8,1,3,0,2,97.7,21.2
102,460.0,5,17,1,3,0,1,85.3,17.4
102,460.0,5,9,1,0,0,0,93.3,9.4
104,345.0,4,7,0,1,0,3,71.0,36.9
101,135.0,5,15,1,3,0,1,59.5,14.5
101,135.0,2,7,0,2,0,0,100.0,3.3
104,345.0,6,14,1,3,0,0,48.3,7.7
102,460.0,6,11,1,2,0,1,66.0,11.4
101,135.0,0,9,0,2,0,1,95.3,8.7
101,135.0,0,11,0,3,2,2,50.0,42.0
102,460.0,5,7,1,3,0,2,79.3,27.0
101,135.0,4,9,1,0,0,0,76.2,11.4
101,135.0,3,18,0,1,1,1,69.0,15.0
101,135.0,5,10,1,1,1,1,59.0,19.7
102,460.0,6,11,1,2,1,1,64.1,23.1
101,135.0,2,17,0,3,0,0,60.7,7.6
103,160.0,2,12,1,2,1,1,59.2,23.3
105,245.0,3,15,0,0,0,1,38.9,12.8
104,345.0,2,16,0,1,0,1,52.4,9.7
102,460.0,4,6,0,3,0,2,55.9,20.9
103,160.0,6,7,1,3,0,1,100.0,11.4
101,135.0,6,10,1,2,0,0,54.7,9.4
101,135.0,0,16,1,1,1,1,60.9,22.0
102,460.0,6,19,1,3,0,1,87.7,13.6
102,460.0,3,15,0,0,0,2,38.3,16.3
104,345.0,5,14,1,0,0,2,42.4,23.3
104,345.0,4,6,0,0,1,2,51.3,25.7
102,460.0,0,15,0,3,0,0,47.7,5.0
102,460.0,3,8,0,0,0,0,62.8,8.3
101,135.0,6,5,1,3,0,2,47.1,23.4
104,345.0,6,14,1,0,1,2,62.7,27.4
103,160.0,6,19,1,1,0,0,100.0,7.9
105,245.0,1,9,0,3,0,1,61.0,10.0
101,135.0,5,21,1,1,0,0,60.4,5.8
101,135.0,3,19,0,3,0,0,59.3,0.0
103,160.0,1,6,0,2,0,1,51.9,14.9
103,160.0,2,11,0,2,0,0,43.4,3.3
104,345.0,4,5,0,3,0,1,41.0,18.2
103,160.0,6,6,1,3,0,1,51.2,12.1
102,460.0,4,19,0,3,1,0,69.9,4.7
102,460.0,3,6,0,0,1,1,47.2,17.6
101,135.0,0,13,0,3,1,0,42.6,13.2
105,245.0,4,15,0,1,0,0,32.8,0.0
101,135.0,5,19,1,0,0,1,73.9,8.4
105,245.0,5,9,1,0,0,1,91.8,12.4
104,345.0,4,19,0,0,1,1,61.8,17.2
103,160.0,6,18,1,0,0,1,80.6,16.5
102,460.0,1,22,0,1,0,2,43.9,25.5
103,160.0,4,21,0,0,0,3,38.3,37.5
104,345.0,1,20,0,0,1,1,48.6,22.5
101,135.0,0,22,0,2,1,1,66.6,15.3
101,135.0,5,5,1,3,2,2,57.2,50.1
101,135.0,1,7,0,3,0,2,62.8,19.2
104,345.0,2,5,1,1,0,1,67.9,19.1
101,135.0,4,20,0,2,0,1,58.9,7.7
103,160.0,1,5,0,0,0,2,33.0,14.0
105,245.0,6,15,1,1,2,0,68.4,32.7
105,245.0,4,15,0,0,1,0,38.6,3.6
102,460.0,0,17,0,1,0,1,67.8,10.3
105,245.0,5,9,1,2,0,2,94.3,24.0
105,245.0,0,17,1,0,1,1,83.8,19.2
102,460.0,4,22,0,0,0,3,41.8,35.9
103,160.0,6,13,1,1,1,0,52.2,11.7
104,345.0,2,8,0,0,0,0,68.3,4.3
102,460.0,6,5,1,0,0,2,59.7,20.6
103,160.0,5,7,1,0,0,0,82.1,5.7
103,160.0,0,12,0,0,0,0,50.7,8.0
104,345.0,1,11,0,1,1,1,50.0,25.2
103,160.0,2,6,0,3,0,0,46.1,0.4
103,160.0,1,14,0,0,0,1,51.1,15.0
101,135.0,1,21,0,1,0,1,53.0,8.1
103,160.0,5,11,1,0,2,1,55.1,30.0
102,460.0,5,7,1,2,0,0,98.4,8.5
101,135.0,3,21,0,2,0,0,46.9,5.2
102,460.0,6,17,1,2,1,1,92.5,24.9
104,345.0,1,7,0,0,0,1,73.2,7.9
102,460.0,2,18,0,2,1,2,72.0,29.4
104,345.0,6,11,1,0,2,3,53.6,56.6
101,135.0,2,17,0,0,0,1,65.2,11.6
103,160.0,1,14,0,0,1,1,42.3,19.5
103,160.0,6,15,1,2,0,0,83.8,5.3
101,135.0,5,5,1,3,0,2,67.7,17.7
102,460.0,4,16,0,3,0,2,43.1,15.6
101,135.0,6,21,1,0,1,1,51.0,26.8
103,160.0,6,19,1,0,0,2,77.2,31.0
105,245.0,5,8,1,2,0,2,96.6,28.6
104,345.0,3,17,0,3,0,1,58.9,9.0
103,160.0,1,7,0,2,0,1,80.1,10.5
105,245.0,4,11,0,3,0,1,46.4,10.0
102,460.0,4,19,0,3,0,2,74.6,22.4
105,245.0,3,9,0,3,1,1,70.1,12.6
103,160.0,1,14,0,2,0,0,47.3,4.6
103,160.0,4,12,1,3,0,1,48.9,18.4
101,135.0,0,11,1,1,1,3,58.5,50.7
102,460.0,5,20,1,1,0,1,48.5,15.8
101,135.0,6,19,1,3,0,1,78.8,11.2
103,160.0,2,6,0,3,0,1,45.1,11.1
104,345.0,2,6,0,3,0,2,46.6,19.8
103,160.0,0,18,0,0,0,1,59.3,7.4
103,160.0,0,20,0,3,0,2,39.0,23.7
102,460.0,2,18,0,1,1,3,72.9,44.8
105,245.0,5,20,1,2,1,0,79.9,16.7
103,160.0,5,22,1,3,0,2,75.1,25.1
103,160.0,5,11,1,0,0,0,58.2,4.6
105,245.0,5,15,1,0,0,0,54.6,10.1
101,135.0,4,18,0,2,0,2,83.3,17.5
102,460.0,4,12,0,0,1,3,30.6,41.3
105,245.0,6,9,1,3,0,1,86.0,15.3
105,245.0,6,16,1,2,0,1,70.9,16.1
103,160.0,3,17,0,3,0,1,70.6,16.1
102,460.0,2,18,0,3,0,2,79.1,16.8
102,460.0,3,13,0,1,0,1,37.2,4.4
104,345.0,5,21,1,1,1,1,46.1,19.4
103,160.0,0,12,0,2,0,0,57.6,6.2
105,245.0,0,11,0,3,0,1,43.7,8.4
104,345.0,6,11,1,0,0,1,50.8,14.7
101,135.0,2,22,0,0,1,0,59.0,2.0
101,135.0,0,5,0,0,0,2,32.0,15.7
105,245.0,5,13,1,0,0,1,62.6,17.8
105,245.0,2,19,0,3,0,0,55.5,4.7
104,345.0,1,20,0,3,0,2,35.3,22.1
103,160.0,6,6,1,2,0,0,60.8,11.1
103,160.0,2,21,0,3,0,1,51.8,13.9
101,135.0,0,8,0,3,0,1,78.8,10.1
101,135.0,5,15,1,0,0,1,56.6,15.9
102,460.0,6,17,1,3,2,0,86.0,23.9
105,245.0,2,5,0,0,0,0,49.0,6.3
104,345.0,3,19,0,1,1,1,75.4,13.7
105,245.0,5,10,1,0,1,1,66.3,23.6
103,160.0,5,14,1,2,0,1,78.2,13.4
105,245.0,1,14,0,1,1,1,56.5,11.5
103,160.0,6,6,1,0,1,0,57.9,16.8
102,460.0,0,12,0,0,0,1,38.5,7.5
104,345.0,2,14,0,3,0,1,46.4,9.8
103,160.0,4,20,1,3,2,0,55.6,28.9
105,245.0,3,16,0,2,0,1,64.6,6.9
104,345.0,1,9,0,0,0,0,64.8,4.3
103,160.0,1,21,0,1,1,0,50.2,10.4
104,345.0,4,20,0,1,1,0,34.2,9.3
104,345.0,5,7,1,3,1,1,87.8,20.4
103,160.0,4,6,0,3,1,0,51.4,6.9
101,135.0,2,19,1,2,0,0,92.5,3.1
104,345.0,0,13,0,2,0,0,51.1,0.0
103,160.0,2,13,1,0,0,1,69.2,13.1
103,160.0,4,5,0,0,0,0,43.5,5.8
103,160.0,1,5,0,1,0,1,38.5,11.3
102,460.0,2,16,0,3,0,0,53.0,1.2
105,245.0,1,17,1,0,0,3,77.8,40.9
101,135.0,2,11,0,0,0,1,49.6,14.2
105,245.0,4,15,0,3,0,1,43.1,7.9
102,460.0,1,16,0,0,0,0,39.8,4.1
104,345.0,3,15,0,1,0,1,47.7,9.0
101,135.0,6,7,1,2,1,0,96.8,13.1
101,135.0,0,10,0,2,0,1,62.0,8.2
104,345.0,4,6,0,3,0,0,58.6,1.7
104,345.0,3,9,0,3,0,1,73.1,10.6
102,460.0,6,9,1,2,0,1,96.7,12.7
104,345.0,2,6,0,0,0,1,33.5,8.2
104,345.0,4,20,0,1,1,1,28.1,16.2
101,135.0,1,10,0,1,1,1,51.5,17.8
104,345.0,0,19,0,3,0,2,65.9,22.7
103,160.0,1,11,0,1,0,1,35.7,9.1
105,245.0,1,19,0,2,0,1,76.0,9.1
103,160.0,1,9,0,0,0,1,75.8,14.4
102,460.0,2,14,0,0,1,0,52.6,11.8
102,460.0,0,14,0,1,0,0,49.4,0.0
101,135.0,5,22,1,1,0,1,45.3,12.3
102,460.0,3,20,0,3,1,1,37.9,18.6
102,460.0,1,10,0,0,0,2,30.3,25.0
104,345.0,3,14,0,3,0,1,42.1,8.6
105,245.0,1,9,0,1,0,0,69.6,0.0
102,460.0,3,14,0,2,1,0,69.9,10.2
103,160.0,3,17,1,3,0,1,87.1,15.1
101,135.0,6,14,1,0,0,3,61.8,38.3
104,345.0,6,13,1,2,0,2,74.2,29.6
102,460.0,5,20,1,3,0,0,53.6,12.5
103,160.0,3,5,0,2,0,0,52.7,2.9
101,135.0,4,8,1,0,0,1,91.9,10.6
102,460.0,4,14,0,0,0,1,47.3,10.8
104,345.0,0,5,0,1,0,1,54.9,9.0
102,460.0,4,22,1,2,0,1,77.2,18.6
101,135.0,3,17,0,2,2,1,78.2,27.9
103,160.0,5,20,1,3,0,0,63.3,4.2
103,160.0,4,5,0,0,1,1,45.5,16.3
103,160.0,0,11,0,3,0,1,44.5,9.2
104,345.0,6,10,1,3,0,3,47.2,41.8
103,160.0,3,12,0,1,1,2,39.6,22.4
103,160.0,4,12,0,3,0,1,45.6,14.0
104,345.0,3,5,0,0,0,0,50.4,1.2
102,460.0,1,7,0,2,2,1,65.8,34.4
101,135.0,3,14,0,2,1,0,66.3,5.9
102,460.0,5,11,1,1,0,1,56.9,12.5
101,135.0,2,20,0,1,1,1,38.3,16.3
105,245.0,6,22,1,3,0,1,56.3,10.1
102,460.0,0,6,0,1,1,0,50.4,10.8
104,345.0,3,7,1,2,0,0,90.9,11.3
104,345.0,6,12,1,1,0,2,41.7,26.3
102,460.0,4,5,0,1,1,1,49.4,17.8
104,345.0,6,21,1,1,0,0,55.8,7.4
105,245.0,3,19,0,0,0,2,70.4,18.0
104,345.0,3,21,0,3,0,1,38.9,10.0
102,460.0,0,5,0,3,0,1,33.2,11.5
102,460.0,2,21,0,1,1,2,65.1,24.9
104,345.0,5,21,1,1,2,0,53.8,24.7
101,135.0,6,22,1,3,0,2,71.4,20.1
103,160.0,2,6,0,2,0,2,49.5,15.6
101,135.0,2,16,0,2,0,0,51.9,1.0
104,345.0,4,15,0,2,0,1,56.2,11.2
103,160.0,2,9,0,3,0,1,77.7,11.3
102,460.0,5,10,1,0,0,0,76.3,3.8
105,245.0,5,19,1,2,1,1,100.0,22.9
103,160.0,5,18,1,3,0,0,80.2,3.6
102,460.0,0,12,0,1,1,0,50.0,9.0
103,160.0,3,19,0,3,0,1,61.8,8.2
103,160.0,6,21,1,1,1,1,58.3,20.2
103,160.0,2,16,0,1,0,1,35.6,10.4
101,135.0,2,15,0,1,0,3,32.3,37.8
105,245.0,3,21,0,0,0,1,41.2,11.0
102,460.0,6,6,1,1,0,2,54.5,29.9
101,135.0,4,21,0,2,0,0,65.1,3.0
105,245.0,5,15,1,2,1,1,72.1,22.9
104,345.0,4,20,0,3,0,1,55.1,10.7
105,245.0,3,14,0,0,0,1,32.5,5.3
105,245.0,6,16,1,3,2,1,72.3,34.9
101,135.0,1,5,0,3,1,1,48.5,14.8
105,245.0,0,7,0,2,0,1,82.0,10.7
103,160.0,3,18,0,2,0,0,82.8,0.0
105,245.0,3,9,0,3,0,1,74.1,8.6
103,160.0,6,11,1,3,0,1,52.5,14.1
101,135.0,4,8,0,1,0,0,61.9,0.0
103,160.0,4,16,0,1,2,2,36.4,43.6
103,160.0,4,12,0,0,0,0,42.0,1.5
104,345.0,6,14,1,1,0,0,66.5,8.3
102,460.0,5,18,1,3,0,1,91.2,11.9
102,460.0,2,15,0,0,0,2,37.6,22.3
101,135.0,0,17,0,3,0,0,54.7,0.0
105,245.0,1,18,0,0,0,2,58.2,22.9
101,135.0,3,6,0,3,0,1,41.5,7.5
104,345.0,6,14,1,3,0,2,49.7,21.9
102,460.0,3,13,0,2,1,2,62.6,30.4
104,345.0,2,17,0,3,0,1,69.6,9.7
105,245.0,6,7,1,2,1,0,99.6,15.0
104,345.0,6,7,1,3,1,1,76.6,22.8
102,460.0,0,22,0,3,1,3,40.9,42.3
103,160.0,2,5,0,2,0,2,58.2,18.1
101,135.0,6,15,1,3,1,2,73.6,30.7
103,160.0,6,14,1,0,0,1,67.7,14.1
104,345.0,4,9,0,3,0,1,92.1,7.2
102,460.0,2,6,0,0,0,1,52.3,15.5
105,245.0,6,13,1,3,0,0,75.7,15.0
103,160.0,0,12,1,2,1,0,62.2,11.6
101,135.0,5,19,1,1,0,1,92.1,14.3
102,460.0,1,6,0,1,1,0,43.6,7.1
102,460.0,4,18,0,3,0,1,68.5,8.8
103,160.0,5,7,1,3,0,0,69.4,4.0
104,345.0,4,19,0,0,0,1,59.2,11.9
105,245.0,2,8,1,3,0,2,100.0,28.5
101,135.0,1,17,0,2,0,1,72.8,8.1
105,245.0,4,15,0,1,0,0,34.5,0.0
101,135.0,2,10,0,3,0,1,29.5,6.6
105,245.0,1,6,0,3,0,2,44.6,21.0
103,160.0,6,12,1,2,0,1,79.8,15.6
104,345.0,3,22,0,0,0,0,30.8,0.0
105,245.0,5,12,1,0,0,0,69.2,4.5
102,460.0,1,12,0,1,2,1,39.3,28.0
102,460.0,1,7,0,2,0,1,79.5,14.0
105,245.0,2,7,1,0,0,0,82.1,10.1
103,160.0,0,21,0,2,1,1,56.5,11.7
103,160.0,3,21,1,0,2,0,54.2,26.9
103,160.0,2,14,0,0,0,1,46.5,8.3
103,160.0,3,21,0,0,0,0,38.5,5.3
105,245.0,2,18,0,3,0,0,75.4,1.4
105,245.0,1,16,0,3,0,1,35.2,5.6
103,160.0,0,10,0,2,0,0,67.6,4.2
101,135.0,6,19,1,3,1,1,81.1,23.5
103,160.0,5,9,1,3,0,0,84.7,4.6
105,245.0,1,14,0,1,0,1,42.3,8.3
102,460.0,3,19,0,3,0,1,69.2,12.6
103,160.0,4,15,0,0,0,0,33.1,3.5
105,245.0,4,5,0,2,0,2,63.9,14.1
105,245.0,4,13,0,0,0,0,46.3,2.7
103,160.0,0,16,0,0,1,3,38.5,41.7
103,160.0,3,22,0,3,0,1,38.5,9.7
101,135.0,2,21,0,3,1,1,58.8,18.7
102,460.0,6,9,1,0,0,1,75.6,15.0
105,245.0,6,15,1,3,1,2,71.5,34.3
103,160.0,3,14,0,3,0,1,34.2,9.4
104,345.0,4,20,0,2,0,1,58.4,13.2
101,135.0,3,8,1,2,0,0,100.0,5.4
105,245.0,4,10,0,2,2,1,43.2,22.7
103,160.0,3,20,0,2,0,1,51.5,13.8
101,135.0,6,7,1,1,0,0,85.2,2.7
105,245.0,3,7,0,3,0,0,67.4,1.8
102,460.0,5,14,1,2,0,2,69.9,21.0
101,135.0,5,9,1,3,0,2,95.1,24.8
105,245.0,0,12,1,1,0,1,65.4,9.2
103,160.0,4,18,0,1,0,1,78.7,7.2
105,245.0,3,20,0,0,0,0,37.2,2.4
102,460.0,2,6,1,0,0,2,53.1,20.8
103,160.0,6,17,1,0,0,3,85.4,44.2
102,460.0,5,13,1,1,0,0,66.3,1.9
105,245.0,5,8,1,1,1,0,89.7,18.4
103,160.0,5,8,1,0,0,0,89.4,2.5
105,245.0,4,11,0,1,1,1,45.7,15.7
103,160.0,5,11,1,0,0,1,57.2,18.5
102,460.0,3,21,0,3,0,0,56.3,1.0
102,460.0,6,13,1,0,0,2,64.4,27.6
103,160.0,5,10,1,2,0,0,62.9,6.4
104,345.0,1,20,1,3,1,2,59.5,33.0
101,135.0,0,18,0,2,1,1,76.7,19.6
101,135.0,0,7,1,3,0,2,90.0,27.5
102,460.0,1,12,0,2,0,0,55.8,0.0
104,345.0,3,21,0,2,1,3,62.3,44.9
105,245.0,3,5,0,1,0,1,43.0,7.8
102,460.0,0,18,1,1,0,2,80.4,29.6
104,345.0,4,5,1,3,0,1,62.4,16.8
102,460.0,5,14,1,1,1,1,54.5,19.4
102,460.0,4,8,0,1,0,2,83.6,18.7
105,245.0,2,19,0,2,0,3,84.5,39.0
101,135.0,3,9,0,3,0,0,64.1,4.1
103,160.0,0,11,1,0,0,2,66.8,26.2
104,345.0,1,12,0,0,1,2,30.4,30.4
104,345.0,5,6,1,3,2,1,69.5,32.7
104,345.0,3,12,0,0,2,0,39.2,24.9
103,160.0,5,5,1,2,1,1,79.9,25.6
104,345.0,6,19,1,3,1,1,75.6,25.1
102,460.0,5,9,1,2,1,0,86.2,16.9
103,160.0,3,21,0,0,1,1,35.8,16.8
104,345.0,2,22,0,3,0,1,39.6,5.5
104,345.0,5,22,1,2,0,2,66.3,25.0
104,345.0,1,13,0,2,0,3,63.7,38.7
105,245.0,6,20,1,1,0,1,51.3,15.0
105,245.0,0,17,0,3,1,2,54.2,20.8
102,460.0,5,18,1,3,0,1,96.7,19.0
103,160.0,1,17,1,2,1,0,97.5,21.2
101,135.0,3,7,0,2,1,3,74.8,47.4
105,245.0,1,7,1,1,0,1,69.2,18.1
101,135.0,4,19,0,3,0,2,65.7,20.9
103,160.0,0,20,0,2,0,0,65.8,8.1
102,460.0,0,13,0,2,0,0,59.6,2.2
105,245.0,5,17,1,3,1,1,87.2,26.2
101,135.0,4,15,0,1,0,1,53.5,12.2
102,460.0,6,22,1,3,1,0,55.2,11.0
102,460.0,3,12,0,3,0,0,46.2,4.0
104,345.0,6,13,1,3,0,2,62.3,24.7
103,160.0,5,20,1,3,0,1,67.4,17.9
103,160.0,5,21,1,2,0,0,74.8,6.3
101,135.0,1,19,1,2,0,0,77.1,5.2
105,245.0,6,22,1,1,1,3,61.0,45.1
102,460.0,3,22,0,1,1,0,68.4,14.5
105,245.0,3,21,0,3,0,2,52.2,24.7
101,135.0,4,9,0,1,2,1,62.7,25.5
102,460.0,6,8,1,0,0,0,79.4,3.4
105,245.0,4,15,0,0,2,0,51.7,19.0
105,245.0,5,12,1,0,0,0,68.5,9.7
102,460.0,4,19,0,0,0,1,78.0,8.4
103,160.0,4,15,0,0,1,1,31.1,16.2
105,245.0,2,11,0,0,0,2,47.1,18.6
101,135.0,5,19,1,2,0,1,93.2,15.6
104,345.0,2,14,0,3,0,2,47.4,23.2
105,245.0,5,19,1,3,0,2,72.0,18.0
105,245.0,2,9,0,1,1,2,63.9,28.3
101,135.0,6,14,1,2,0,1,78.8,11.1
105,245.0,5,9,1,3,0,2,85.3,27.8
102,460.0,0,7,1,3,0,1,85.4,12.1
101,135.0,6,10,1,1,0,1,67.5,16.9
104,345.0,2,13,1,1,0,1,55.9,13.8
103,160.0,0,5,1,0,0,2,64.8,23.4
104,345.0,1,8,1,2,0,0,88.9,7.8
103,160.0,2,10,0,1,0,1,23.3,6.7
101,135.0,6,13,1,3,0,0,53.0,7.8
101,135.0,4,9,0,0,1,1,72.7,16.9
102,460.0,3,14,0,0,0,0,50.1,0.0
101,135.0,1,18,0,3,0,1,75.4,8.7
104,345.0,4,14,0,2,0,3,51.9,34.1
105,245.0,0,8,0,1,1,2,82.7,25.8
104,345.0,0,15,0,1,0,0,39.3,0.0
102,460.0,0,14,1,3,1,0,60.8,11.9
103,160.0,3,21,0,1,0,1,38.5,11.6
101,135.0,3,14,0,2,0,2,66.5,17.3
105,245.0,2,6,0,1,0,1,45.0,11.6
101,135.0,3,9,0,0,0,0,70.3,4.7
101,135.0,4,16,1,2,1,1,77.7,21.8
102,460.0,1,17,0,3,1,1,78.9,15.0
102,460.0,3,18,0,3,0,2,56.9,19.0
101,135.0,6,16,1,1,0,0,58.9,5.2
104,345.0,3,7,0,0,0,3,71.1,31.1
105,245.0,0,14,0,1,2,1,43.5,27.3
102,460.0,1,12,0,1,2,0,41.0,25.5
105,245.0,4,20,0,2,0,1,57.2,9.6
103,160.0,5,7,1,2,0,2,98.5,26.0
105,245.0,3,13,0,3,0,2,41.8,20.3
103,160.0,0,19,0,2,1,0,78.5,15.8
101,135.0,4,11,1,3,0,1,48.1,12.1
105,245.0,4,17,0,1,1,1,65.7,16.1
104,345.0,6,18,1,0,0,1,96.9,12.5
104,345.0,5,10,1,3,0,0,60.3,5.4
103,160.0,6,18,1,0,0,0,86.7,8.6
101,135.0,1,13,0,0,1,2,47.3,28.3
103,160.0,2,17,0,1,0,0,66.8,0.0
104,345.0,1,8,0,2,0,1,81.5,10.6
101,135.0,3,13,0,0,0,0,50.2,2.0
102,460.0,3,20,0,2,0,2,63.8,22.8
102,460.0,4,5,0,0,0,1,53.9,14.2
104,345.0,5,14,1,2,0,0,74.4,4.6
101,135.0,6,22,1,0,1,1,53.0,25.1
102,460.0,6,17,1,3,1,1,79.7,24.4
105,245.0,2,17,0,3,0,1,62.4,11.0
105,245.0,5,22,1,3,0,1,58.3,14.0
102,460.0,4,8,0,3,2,1,61.2,32.6
103,160.0,3,18,1,2,0,1,93.6,12.0
104,345.0,5,21,1,2,0,0,60.0,9.9
102,460.0,4,8,0,1,0,3,80.3,34.6
103,160.0,4,10,0,1,0,0,41.0,1.2
105,245.0,3,16,0,2,0,0,61.1,6.0
104,345.0,0,11,0,3,0,1,50.7,15.8
101,135.0,2,19,1,0,0,0,92.7,7.9
105,245.0,4,13,0,1,0,2,34.7,20.9
103,160.0,2,14,1,2,0,1,75.5,12.8
102,460.0,6,10,1,2,0,1,77.4,14.7
105,245.0,3,15,0,2,1,1,53.0,19.1
103,160.0,5,10,1,1,0,1,62.6,17.2
101,135.0,3,17,1,2,1,0,93.5,19.3
105,245.0,6,11,1,3,0,2,64.7,26.7
104,345.0,5,7,1,3,0,1,87.8,15.8
105,245.0,5,18,1,2,1,0,83.1,9.3
103,160.0,3,7,0,1,0,1,73.9,14.5
105,245.0,4,11,0,1,0,3,45.3,39.9
101,135.0,5,22,1,1,0,1,58.5,14.5
102,460.0,1,17,0,2,0,1,83.1,9.8
105,245.0,3,7,0,0,0,2,68.7,18.6
102,460.0,2,14,1,0,0,2,52.7,22.9
104,345.0,4,14,0,3,0,2,44.0,20.6
102,460.0,2,20,0,3,0,1,46.5,10.2
103,160.0,2,19,0,2,0,1,83.5,11.1
105,245.0,4,22,0,0,0,1,62.2,8.4
101,135.0,0,19,0,2,1,1,92.6,16.0
101,135.0,3,8,1,1,0,1,79.2,14.0
101,135.0,2,13,0,2,0,1,73.5,7.4
103,160.0,5,17,1,3,0,0,89.8,10.2
101,135.0,3,17,0,3,0,2,82.4,16.9
102,460.0,3,10,0,3,1,1,32.2,16.7
104,345.0,4,10,0,1,0,1,35.9,13.7
102,460.0,0,15,0,2,0,1,60.9,6.7
105,245.0,0,9,0,1,0,1,69.1,6.0
104,345.0,0,17,0,2,1,1,74.4,13.7
105,245.0,1,20,1,0,0,1,67.9,19.9
101,135.0,2,6,1,2,2,0,72.8,33.7
104,345.0,1,21,0,1,0,0,42.5,0.5
105,245.0,0,6,0,3,2,1,47.8,34.7
105,245.0,0,5,0,3,0,1,57.0,12.4
103,160.0,2,17,0,0,0,0,82.2,6.7
101,135.0,6,12,1,1,0,2,53.4,27.6
103,160.0,4,18,1,0,0,1,98.8,14.2
105,245.0,1,10,0,0,0,0,43.6,6.3
101,135.0,5,15,1,1,0,1,70.3,8.1
104,345.0,2,11,0,0,0,1,43.8,12.8
105,245.0,2,8,1,0,0,2,62.4,21.7
102,460.0,6,7,1,0,0,2,85.1,25.6
104,345.0,6,12,1,0,0,1,65.6,14.9
105,245.0,3,5,0,1,0,1,56.8,9.8
104,345.0,3,9,0,2,2,1,76.5,28.6
102,460.0,2,15,0,2,0,1,57.0,13.5
101,135.0,4,10,0,2,0,1,68.4,11.7
103,160.0,5,12,1,2,0,1,90.2,17.3
105,245.0,5,15,1,0,0,0,57.7,6.1
104,345.0,2,22,0,1,0,1,40.4,8.2
105,245.0,2,20,1,0,0,0,65.6,3.4
104,345.0,2,5,0,2,0,1,49.4,11.2
102,460.0,3,5,0,1,0,1,46.1,12.8
102,460.0,5,18,1,2,0,1,88.2,11.4
103,160.0,6,16,1,0,0,2,72.8,23.0
101,135.0,1,14,0,0,0,1,49.4,12.0
101,135.0,2,10,0,0,0,1,52.8,13.6
102,460.0,0,20,1,0,0,1,56.0,16.6
101,135.0,6,7,1,0,0,1,77.8,18.3
105,245.0,4,8,0,0,0,1,70.7,15.8
101,135.0,3,11,0,3,0,2,35.1,17.3
102,460.0,1,17,0,0,0,2,56.5,21.1
103,160.0,4,6,0,1,0,0,38.5,5.2
101,135.0,2,8,0,3,0,1,84.3,8.6
102,460.0,3,22,0,0,1,0,57.7,9.3
102,460.0,4,17,0,3,0,2,68.6,17.6
102,460.0,0,13,0,3,0,1,49.6,9.3
105,245.0,4,22,1,2,1,1,73.1,25.2
104,345.0,0,15,0,0,1,0,48.4,7.7
104,345.0,1,9,0,2,1,1,75.2,16.9
105,245.0,5,15,1,2,0,0,80.0,5.3
104,345.0,1,12,0,3,0,2,37.4,20.4
104,345.0,6,9,1,1,0,1,81.1,17.4
103,160.0,4,16,0,1,0,3,46.7,39.7
101,135.0,2,8,0,1,0,1,69.3,10.2
102,460.0,4,5,0,1,1,1,45.2,16.9
105,245.0,1,10,0,2,0,3,60.7,39.1
105,245.0,6,19,1,0,0,1,99.3,20.2
104,345.0,0,19,0,2,0,2,87.7,21.5
105,245.0,1,11,0,0,0,2,45.6,19.6
104,345.0,5,6,1,3,0,0,65.9,7.1
104,345.0,5,19,1,1,0,0,87.6,10.1
103,160.0,5,7,1,3,1,3,80.2,56.9
102,460.0,6,17,1,1,0,1,75.4,9.7
102,460.0,6,10,1,3,0,1,58.6,15.5
104,345.0,6,5,1,3,1,2,76.1,32.2
102,460.0,1,5,0,1,0,1,51.7,9.2
103,160.0,0,7,0,0,0,2,74.6,23.8
103,160.0,5,12,1,1,0,1,72.4,11.0
104,345.0,3,10,0,0,1,2,40.9,24.1
105,245.0,1,14,0,2,0,3,52.4,30.7
105,245.0,1,18,0,0,0,1,73.6,8.0
104,345.0,3,21,0,2,0,0,42.6,0.0
103,160.0,1,22,0,0,1,1,30.8,14.2
104,345.0,5,5,1,2,0,2,76.8,25.1
105,245.0,4,20,0,0,0,1,47.2,7.3
102,460.0,6,11,1,2,0,0,84.4,9.3
102,460.0,4,20,0,0,0,0,33.5,1.2
105,245.0,5,16,1,1,0,0,61.2,5.3
104,345.0,2,5,0,3,0,1,48.4,2.3
103,160.0,0,18,0,2,0,1,83.8,10.4
105,245.0,4,11,0,3,2,1,40.4,28.6
104,345.0,6,10,1,0,0,2,58.9,22.9
105,245.0,6,12,1,0,1,1,62.1,21.9
103,160.0,5,15,1,2,0,1,64.6,17.8
105,245.0,3,16,0,2,0,1,50.7,14.4
104,345.0,1,8,0,0,1,1,64.3,18.4
101,135.0,1,7,0,0,1,1,62.7,13.4
104,345.0,1,22,0,3,0,1,53.0,12.2
103,160.0,5,16,1,1,0,0,62.5,9.1
101,135.0,1,11,0,0,1,0,45.8,12.1
104,345.0,2,22,0,1,0,1,43.3,7.2
103,160.0,4,19,1,3,0,0,100.0,5.7
102,460.0,6,9,1,2,0,1,100.0,15.3
102,460.0,4,12,0,2,0,1,54.7,16.6
105,245.0,3,9,0,0,1,0,68.7,10.9
101,135.0,1,14,0,3,1,1,31.0,19.9
104,345.0,4,21,0,0,0,1,38.6,6.8
101,135.0,4,11,0,2,0,0,62.9,0.0
101,135.0,5,15,1,1,0,1,51.6,16.7
104,345.0,2,16,0,0,1,3,31.5,46.4
104,345.0,3,11,0,1,0,0,43.1,5.2
105,245.0,4,22,0,0,0,2,34.6,15.1
101,135.0,1,21,0,0,1,2,39.6,24.6
101,135.0,4,15,0,3,0,1,57.7,6.0
103,160.0,1,7,0,0,0,1,63.6,4.4
104,345.0,2,9,0,3,0,2,66.5,21.7
101,135.0,5,15,1,2,0,1,76.1,12.5
103,160.0,4,15,0,1,0,0,39.3,6.3
103,160.0,0,15,0,2,0,0,58.3,0.0
103,160.0,6,16,1,2,0,0,73.4,0.6
103,160.0,3,18,0,2,0,1,89.9,10.3
105,245.0,2,11,0,2,2,1,61.1,31.1
102,460.0,5,13,1,3,1,0,53.1,11.5
105,245.0,6,15,1,3,2,0,39.4,25.9
103,160.0,0,18,0,2,0,2,100.0,21.6
101,135.0,4,16,1,3,0,1,64.5,11.7
103,160.0,5,5,1,0,0,1,71.3,11.4
104,345.0,6,14,1,0,0,1,76.6,15.3
104,345.0,4,6,0,3,2,0,38.8,25.5
105,245.0,1,22,0,3,0,2,38.5,22.2
104,345.0,2,6,0,1,0,1,39.9,7.3
101,135.0,2,10,0,3,0,0,38.4,0.0
103,160.0,5,16,1,3,0,1,76.4,16.0
104,345.0,0,13,0,0,0,1,39.9,6.6
104,345.0,3,6,0,0,0,2,57.0,17.3
102,460.0,1,5,1,1,0,1,57.1,15.2
101,135.0,5,21,1,2,0,2,62.0,22.0
102,460.0,1,14,0,2,0,1,66.1,7.5
102,460.0,5,11,1,1,0,1,58.7,15.4
102,460.0,2,15,1,1,0,1,62.6,16.4
105,245.0,4,15,0,2,0,1,53.3,12.7
103,160.0,4,9,0,3,0,0,84.3,8.7
102,460.0,5,6,1,0,1,1,66.5,16.7
103,160.0,3,22,0,3,0,1,60.5,8.1
101,135.0,6,6,1,3,0,0,49.6,6.7
104,345.0,3,5,0,3,0,1,41.1,15.9
104,345.0,3,8,1,1,0,1,78.7,15.4
101,135.0,1,10,1,0,0,2,51.5,27.6
103,160.0,6,22,1,3,0,0,62.9,4.0
101,135.0,0,11,0,2,0,0,58.7,0.0
105,245.0,6,10,1,3,1,0,65.9,12.4
105,245.0,0,22,0,1,0,1,46.8,9.5
103,160.0,0,15,0,1,0,2,62.8,24.0
104,345.0,0,9,0,2,1,1,73.3,17.0
105,245.0,5,22,1,2,0,0,51.3,5.0
105,245.0,3,19,0,3,0,2,67.5,23.3
101,135.0,4,18,0,2,0,0,81.3,0.0
102,460.0,3,18,1,0,0,0,71.2,4.8
104,345.0,6,17,1,2,1,2,100.0,36.8
105,245.0,6,14,1,0,0,0,62.7,9.9
102,460.0,5,12,1,2,0,1,75.0,15.2
102,460.0,6,21,1,3,0,1,65.2,14.4
103,160.0,5,22,1,3,0,1,67.5,19.3
105,245.0,0,14,0,0,0,0,45.5,3.5
104,345.0,0,18,1,2,1,2,100.0,26.1
102,460.0,0,22,0,2,0,1,66.7,6.3
101,135.0,0,9,0,2,0,2,74.4,14.4
103,160.0,4,17,0,3,0,0,78.9,0.0
101,135.0,3,22,0,2,0,0,48.1,2.7
104,345.0,4,6,0,3,1,2,57.1,22.6
103,160.0,1,17,0,1,0,1,74.6,14.2
103,160.0,1,11,0,0,0,1,54.2,9.4
102,460.0,2,19,0,2,0,2,92.1,21.8
105,245.0,5,7,1,1,1,2,79.9,30.4
103,160.0,4,14,0,3,1,0,43.0,6.9
102,460.0,1,18,0,2,0,1,76.4,8.9
103,160.0,6,22,1,2,0,0,66.3,9.1
102,460.0,1,6,0,3,0,1,47.2,9.1
102,460.0,5,18,1,3,0,1,82.9,11.4
104,345.0,1,20,0,2,1,2,55.9,17.8
105,245.0,0,6,0,1,0,0,39.9,5.6
104,345.0,4,21,0,1,0,0,54.7,8.4
104,345.0,3,7,0,3,1,1,70.5,20.7
103,160.0,0,21,1,1,0,1,66.2,16.3
105,245.0,0,15,0,2,0,1,53.0,10.2
105,245.0,0,20,0,3,0,0,42.4,6.8
102,460.0,3,18,1,1,0,1,89.5,20.4
104,345.0,6,9,1,0,0,1,76.5,15.6
102,460.0,5,19,1,0,0,1,100.0,16.5
104,345.0,1,8,0,1,2,1,63.2,32.1
105,245.0,0,19,0,0,0,0,73.3,5.0
105,245.0,5,20,1,1,0,2,48.7,26.6
103,160.0,4,7,0,1,1,0,67.9,10.7
104,345.0,2,13,0,2,0,2,49.2,21.7
104,345.0,0,20,0,3,0,1,50.9,5.2
105,245.0,0,15,0,2,2,2,53.3,32.4
102,460.0,1,20,0,2,0,1,51.2,10.9
101,135.0,1,21,0,0,0,3,49.9,40.2
101,135.0,6,17,1,2,1,2,92.4,32.4
105,245.0,3,11,0,0,1,2,55.0,23.9
101,135.0,3,22,0,1,0,2,52.3,22.7
102,460.0,1,14,1,2,0,1,67.7,11.0
102,460.0,2,17,0,3,0,0,61.2,2.6
101,135.0,5,14,1,0,0,0,71.8,9.2
104,345.0,6,5,1,0,1,3,67.7,49.5
105,245.0,1,22,0,2,0,1,64.4,12.4
101,135.0,3,20,0,2,0,1,45.0,9.9
104,345.0,2,15,0,3,0,0,54.0,3.3
101,135.0,0,17,0,1,0,1,63.6,7.7
104,345.0,1,6,1,0,1,1,52.6,23.3
103,160.0,4,11,0,2,0,0,52.4,5.3
103,160.0,2,18,0,1,0,0,65.3,5.8
101,135.0,2,15,0,3,1,1,57.7,10.1
104,345.0,5,17,1,3,1,1,84.7,22.3
104,345.0,0,11,0,0,0,1,47.5,8.7
102,460.0,0,16,0,1,1,0,49.4,8.6
103,160.0,6,10,1,2,0,2,67.1,21.9
102,460.0,6,7,1,2,0,2,98.7,22.2
104,345.0,5,9,1,0,0,2,87.4,24.1
101,135.0,0,20,0,1,0,1,49.1,11.2
104,345.0,2,22,1,2,1,0,79.9,19.0
103,160.0,1,7,0,1,0,2,76.1,21.5
104,345.0,5,11,1,2,0,3,70.2,38.8
101,135.0,1,17,0,0,0,0,70.8,0.5
103,160.0,5,5,1,3,0,1,62.7,11.4
103,160.0,4,18,0,1,0,1,67.0,9.5
103,160.0,1,18,0,2,0,2,91.8,18.8
101,135.0,3,16,1,1,0,1,70.2,15.6
105,245.0,2,18,0,1,0,0,54.2,0.8
105,245.0,6,6,1,3,0,0,70.4,10.7
102,460.0,3,20,0,1,0,1,40.6,3.0
101,135.0,4,22,0,1,0,1,43.5,7.3
103,160.0,2,17,0,1,1,2,65.7,25.8
105,245.0,0,17,0,1,0,1,61.1,6.7
105,245.0,2,5,0,2,0,0,49.0,0.0
102,460.0,3,20,0,0,0,1,53.5,10.7
104,345.0,0,6,0,0,1,1,55.2,19.4
105,245.0,4,22,0,3,1,1,47.9,17.7
101,135.0,0,7,0,2,0,0,83.1,3.0
103,160.0,1,5,1,3,0,3,61.4,40.0
104,345.0,0,22,0,3,0,2,56.4,23.5
103,160.0,4,12,0,3,0,2,37.7,21.1
103,160.0,3,17,0,2,0,1,77.6,10.3
101,135.0,2,5,1,3,0,1,65.2,12.5
105,245.0,1,11,0,3,0,1,35.6,13.5
105,245.0,4,8,1,2,1,1,92.5,25.4
103,160.0,4,22,0,1,0,3,49.5,41.3
101,135.0,1,21,0,2,0,3,58.2,38.7
105,245.0,4,21,0,0,0,1,52.5,8.9
104,345.0,1,14,0,2,0,0,67.2,5.5
103,160.0,4,8,0,3,0,1,59.7,8.9
105,245.0,3,12,1,0,0,1,58.7,14.0
105,245.0,0,21,0,0,0,2,38.8,17.4
103,160.0,3,18,0,3,0,3,71.7,29.6
101,135.0,5,21,1,2,0,1,76.7,14.3
101,135.0,0,20,0,1,0,1,34.0,12.8
105,245.0,0,18,0,3,0,1,60.9,8.1
105,245.0,0,17,0,0,0,0,65.7,3.8
103,160.0,6,5,1,1,0,1,68.2,18.0
101,135.0,0,18,0,2,0,1,61.3,13.4
101,135.0,6,19,1,1,0,1,75.3,20.6
102,460.0,4,17,0,2,0,3,84.8,31.1
104,345.0,0,10,0,3,0,1,48.4,16.8
104,345.0,0,19,0,1,0,1,74.4,11.7
101,135.0,6,16,1,3,0,1,73.5,14.6
103,160.0,5,15,1,1,1,2,65.3,35.0
102,460.0,3,9,0,2,0,0,79.3,1.7
102,460.0,6,14,1,0,1,0,54.2,15.3
105,245.0,6,8,1,0,0,1,79.9,9.4
103,160.0,3,22,0,2,1,0,54.3,7.4
102,460.0,6,15,1,3,0,0,60.0,1.9
102,460.0,2,22,1,3,0,1,51.5,11.3
104,345.0,2,19,0,1,0,0,65.1,0.2
103,160.0,6,14,1,1,0,2,45.6,21.4
103,160.0,0,7,0,2,0,2,78.1,19.7
104,345.0,3,21,1,1,0,1,62.7,18.7
105,245.0,3,16,1,2,1,1,75.6,21.9
101,135.0,1,17,0,0,0,0,73.5,7.5
102,460.0,5,18,1,3,0,1,85.6,11.9
104,345.0,5,18,1,1,1,0,80.0,11.5
102,460.0,2,5,0,0,0,1,36.5,9.5
101,135.0,5,16,1,2,0,1,75.0,16.8
104,345.0,2,20,1,2,0,0,54.6,2.9
103,160.0,3,17,0,1,0,1,71.4,8.2
101,135.0,5,21,1,0,0,0,62.4,10.8
103,160.0,0,10,0,2,1,2,69.1,29.0
105,245.0,2,18,0,3,0,1,72.3,8.1
103,160.0,4,22,0,1,1,2,41.8,25.1
102,460.0,2,20,0,1,0,0,57.5,1.5
105,245.0,6,9,1,0,1,1,81.5,24.7
102,460.0,4,19,0,3,1,1,74.7,19.0
101,135.0,4,5,0,3,0,1,55.3,6.6
102,460.0,4,15,0,1,0,0,48.7,0.0
102,460.0,6,18,1,3,0,2,90.2,28.0
105,245.0,4,6,0,0,1,1,41.6,16.8
101,135.0,4,20,1,0,1,0,41.8,15.0
101,135.0,6,11,1,0,2,1,61.7,31.3
105,245.0,3,9,0,2,1,0,78.9,5.1
105,245.0,2,12,0,2,0,0,54.8,0.0
104,345.0,3,11,0,1,0,0,44.7,1.9
104,345.0,6,16,1,1,0,0,72.3,8.2
102,460.0,6,14,1,1,0,0,66.7,8.4
102,460.0,6,18,1,3,1,2,71.9,32.6
103,160.0,1,18,0,3,0,2,63.5,22.5
103,160.0,3,10,0,1,0,0,47.0,3.3
105,245.0,4,12,0,1,0,1,33.3,10.3
101,135.0,0,22,0,1,0,0,34.3,1.6
104,345.0,4,16,0,1,0,2,46.8,20.4
102,460.0,3,7,0,1,0,1,71.1,11.4
102,460.0,0,14,0,1,0,2,55.7,19.5
102,460.0,2,9,0,3,1,2,78.8,27.9
103,160.0,6,8,1,2,0,1,88.9,18.9
105,245.0,0,16,0,3,0,0,56.5,0.0
105,245.0,6,19,1,3,0,1,83.1,16.9
103,160.0,0,7,0,1,1,2,63.8,23.6
103,160.0,5,6,1,3,1,1,72.7,18.0
102,460.0,2,14,0,2,0,1,69.9,8.0
101,135.0,6,18,1,1,0,2,95.5,24.3
105,245.0,1,22,0,1,0,0,43.8,6.9
104,345.0,6,22,1,1,0,0,80.3,8.8
103,160.0,2,8,0,0,1,1,66.7,19.6
102,460.0,1,8,0,0,0,1,75.1,8.1
101,135.0,4,8,1,2,0,0,98.2,3.4
103,160.0,0,11,1,2,0,1,68.1,15.9
103,160.0,2,17,0,3,0,1,64.2,11.3
102,460.0,3,13,0,1,0,2,54.1,23.7
104,345.0,1,22,0,3,0,0,43.0,2.6
103,160.0,2,20,0,3,0,2,30.7,22.5
104,345.0,0,11,0,3,0,0,50.6,0.0
101,135.0,4,6,1,2,0,2,88.1,25.7
103,160.0,6,22,1,1,1,0,57.5,15.8
102,460.0,0,8,0,2,2,1,85.5,29.1
102,460.0,3,12,1,0,2,1,58.3,36.7
103,160.0,3,5,0,2,2,0,45.4,25.5
101,135.0,6,8,1,1,0,1,99.4,20.1
104,345.0,3,14,0,2,1,2,48.9,27.2
103,160.0,0,5,0,3,0,0,44.7,1.9
101,135.0,1,19,0,1,0,1,75.3,8.7
104,345.0,6,19,1,1,0,0,77.9,8.8
101,135.0,6,10,1,1,0,1,57.2,14.6
103,160.0,2,7,1,0,0,3,89.8,48.6
104,345.0,0,12,0,0,0,0,39.4,0.0
102,460.0,2,7,0,3,0,1,76.7,9.9
102,460.0,2,12,0,0,2,0,55.9,23.2
103,160.0,3,14,0,1,0,1,35.7,14.6
104,345.0,0,17,0,2,1,1,65.9,20.0
102,460.0,5,19,1,2,0,1,100.0,12.3
105,245.0,1,16,0,1,0,1,56.2,13.4
101,135.0,4,20,0,0,1,2,42.0,26.8
102,460.0,2,20,0,1,0,1,41.4,14.7
105,245.0,3,22,0,3,1,2,43.3,22.3
105,245.0,2,14,1,3,1,1,68.6,26.7
102,460.0,0,6,0,1,0,1,38.5,5.1
105,245.0,1,18,0,2,1,1,70.0,15.1
105,245.0,4,17,0,3,1,0,56.7,4.1
101,135.0,1,13,0,2,0,0,65.3,4.2
104,345.0,3,6,0,2,0,0,42.7,0.9
101,135.0,2,15,0,2,0,1,59.6,10.2
105,245.0,6,7,1,3,0,1,80.5,14.3
102,460.0,6,10,1,2,0,1,70.9,12.3
104,345.0,4,20,0,3,0,1,46.9,9.6
102,460.0,2,11,1,1,1,1,54.0,22.8
105,245.0,0,22,0,3,1,1,53.7,15.3
101,135.0,4,12,0,3,0,0,52.6,1.5
102,460.0,2,12,0,3,0,1,54.9,11.2
102,460.0,4,14,0,0,1,1,59.1,16.8
104,345.0,3,16,0,3,0,2,32.0,23.1
105,245.0,5,18,1,3,0,1,80.1,11.5
101,135.0,0,21,0,0,0,0,62.0,0.5
104,345.0,0,14,1,0,0,0,56.1,11.3
103,160.0,3,13,0,0,0,2,52.6,16.2
104,345.0,4,9,0,3,1,1,78.8,19.1
101,135.0,2,8,0,0,0,0,69.8,6.3
105,245.0,4,18,0,3,1,1,66.5,13.1
103,160.0,3,22,0,3,1,3,47.2,45.8
101,135.0,4,6,0,3,1,1,38.4,16.2
104,345.0,5,7,1,3,0,1,81.5,14.5
104,345.0,3,9,0,0,0,2,73.6,21.3
103,160.0,3,16,1,0,0,1,64.4,11.7
105,245.0,2,5,0,0,0,1,42.8,7.3
101,135.0,6,16,1,2,0,0,76.3,5.6
103,160.0,5,18,1,0,2,1,78.2,35.8
103,160.0,1,21,0,3,1,1,51.0,18.2
103,160.0,3,7,0,3,0,1,76.3,7.7
105,245.0,1,19,0,3,0,0,72.7,0.3
102,460.0,3,11,0,3,0,2,55.7,19.0
104,345.0,1,17,0,0,0,1,54.1,6.6
105,245.0,4,5,0,0,0,1,52.6,11.0
101,135.0,3,20,0,2,1,1,56.1,17.2
104,345.0,4,13,0,3,0,0,60.2,9.5
101,135.0,0,20,0,3,2,0,38.6,22.5
105,245.0,3,20,0,1,0,1,46.2,6.1
104,345.0,1,18,0,3,0,0,81.8,2.0
101,135.0,0,8,0,1,0,1,63.8,10.2
104,345.0,2,6,1,1,1,0,61.7,9.7
103,160.0,6,17,1,1,1,2,90.8,29.4
103,160.0,3,8,1,0,0,1,90.9,18.2
101,135.0,6,21,1,3,0,2,57.0,23.6
103,160.0,6,6,1,1,0,1,46.6,15.9
104,345.0,6,22,1,1,0,0,69.8,1.4
102,460.0,2,17,0,0,0,1,69.7,5.1
105,245.0,0,13,0,1,1,1,42.3,19.1
102,460.0,0,7,0,3,0,1,81.6,14.5
101,135.0,2,8,0,0,0,1,73.8,9.6
105,245.0,2,21,0,1,1,1,43.2,19.0
105,245.0,5,18,1,1,0,0,84.7,5.2
103,160.0,0,17,0,0,0,1,66.9,5.8
101,135.0,1,19,0,0,1,2,63.1,29.9
102,460.0,5,15,1,0,1,0,53.2,15.3
102,460.0,2,5,1,3,0,1,56.2,16.0
103,160.0,6,12,1,1,0,1,57.2,17.4
103,160.0,6,16,1,3,0,2,48.9,23.3
102,460.0,5,7,1,0,0,2,83.8,24.7
104,345.0,2,13,0,2,0,1,65.0,11.2
102,460.0,5,6,1,2,0,1,69.1,10.0
102,460.0,6,19,1,3,0,1,90.2,16.1
105,245.0,6,11,1,3,1,0,58.8,14.6
103,160.0,6,17,1,1,0,0,97.4,9.3
105,245.0,6,10,1,3,2,1,63.1,37.5
101,135.0,6,22,1,2,1,1,66.9,25.3
105,245.0,6,14,1,3,0,1,65.7,13.5
104,345.0,0,10,0,3,0,3,57.7,35.2
101,135.0,2,19,1,1,0,0,88.1,4.9
104,345.0,5,19,1,2,0,1,82.4,16.7
101,135.0,2,21,0,1,0,2,40.1,20.3
104,345.0,6,20,1,3,0,2,67.8,31.2
104,345.0,3,10,0,3,1,2,50.6,22.7
103,160.0,5,20,1,0,0,2,61.6,22.1
101,135.0,5,17,1,1,1,2,88.9,32.3
105,245.0,2,10,0,2,0,2,48.5,18.4
103,160.0,3,21,0,3,0,1,59.9,11.9
102,460.0,2,20,0,2,0,1,45.4,10.5
101,135.0,4,17,0,3,0,1,62.8,12.9
101,135.0,1,14,0,0,0,3,49.0,31.0
102,460.0,6,9,1,3,1,1,88.5,22.1
102,460.0,0,20,0,0,0,1,49.8,6.1
104,345.0,6,6,1,1,1,2,62.1,28.1
105,245.0,0,7,0,0,0,1,54.0,9.0
102,460.0,3,21,0,0,0,2,50.9,23.6
103,160.0,5,19,1,1,0,1,84.1,16.2
103,160.0,3,9,0,3,0,3,77.9,36.3
101,135.0,6,15,1,1,0,3,57.2,43.6
104,345.0,3,15,0,3,1,1,48.8,22.6
104,345.0,5,13,1,3,0,0,69.9,2.5
105,245.0,5,12,1,3,0,1,55.5,13.9
101,135.0,1,19,0,0,0,2,74.8,19.5
105,245.0,1,6,1,1,0,1,51.7,14.7
103,160.0,0,10,0,0,0,1,47.8,12.5
104,345.0,6,12,1,2,2,0,72.3,29.4
102,460.0,3,15,0,2,0,0,42.1,1.9
101,135.0,1,19,0,3,0,0,52.0,0.5
103,160.0,3,22,1,1,0,1,62.7,9.6
102,460.0,0,12,0,2,0,0,47.2,3.2
104,345.0,4,7,0,3,0,1,70.2,8.1
105,245.0,0,12,0,1,0,2,37.8,18.7
101,135.0,4,20,0,2,0,1,64.0,8.9
104,345.0,2,14,0,1,0,0,49.4,1.8
103,160.0,1,21,0,3,0,0,33.8,0.0
104,345.0,0,18,0,1,0,2,78.8,21.9
101,135.0,1,13,1,1,0,1,54.9,21.7
102,460.0,4,18,0,0,0,0,70.1,0.0
103,160.0,3,16,0,2,1,1,51.1,18.0
104,345.0,0,18,0,3,0,2,66.1,19.9
103,160.0,2,13,0,1,0,1,39.9,12.8
101,135.0,4,15,0,0,0,0,38.8,4.5
101,135.0,2,13,0,2,0,1,56.1,7.5
105,245.0,0,19,1,2,0,0,100.0,8.4
103,160.0,5,10,1,1,0,0,52.5,7.8
102,460.0,5,15,1,3,0,2,62.6,24.3
105,245.0,0,5,0,3,0,1,46.9,11.2
104,345.0,1,11,1,2,0,0,77.9,2.7
101,135.0,2,22,0,3,0,1,35.0,5.2
102,460.0,5,15,1,1,0,1,63.6,17.0
104,345.0,3,6,0,1,0,0,53.3,7.0
102,460.0,1,10,0,1,0,1,49.4,6.9
103,160.0,5,11,1,3,0,0,53.0,6.5
101,135.0,6,17,1,3,0,0,72.8,4.5
104,345.0,1,13,0,0,1,1,47.6,17.5
105,245.0,5,9,1,1,0,3,93.0,45.5
101,135.0,2,15,0,3,0,0,48.1,0.0
103,160.0,5,22,1,2,2,1,57.3,35.4
101,135.0,5,10,1,2,0,0,75.2,11.8
105,245.0,6,15,1,2,0,1,77.4,15.8
104,345.0,1,19,0,3,1,0,59.8,8.1
104,345.0,0,12,0,2,1,0,58.6,10.7
102,460.0,6,6,1,2,0,1,81.3,17.1
103,160.0,3,22,0,0,0,1,32.3,11.9
101,135.0,6,20,1,3,0,2,51.4,29.2
101,135.0,0,18,0,3,0,1,63.9,8.9
104,345.0,1,8,1,1,0,1,80.5,21.3
104,345.0,2,15,0,1,0,0,44.8,0.0
105,245.0,5,5,1,0,0,2,64.5,29.8
104,345.0,6,19,1,1,1,1,78.2,26.2
101,135.0,2,12,0,1,0,1,54.7,11.6
101,135.0,2,8,0,0,0,2,81.4,19.2
103,160.0,2,9,0,0,1,0,78.8,5.4
105,245.0,2,13,0,2,0,1,60.8,8.0
101,135.0,0,10,0,0,1,1,44.6,22.7
105,245.0,5,19,1,0,1,1,86.6,29.6
102,460.0,1,16,0,2,0,1,53.8,8.0
104,345.0,4,16,0,3,1,3,33.6,39.9
104,345.0,4,7,0,0,2,1,62.1,26.1
103,160.0,2,10,0,0,0,2,55.8,15.5
101,135.0,3,10,0,2,0,1,55.8,6.3
101,135.0,3,19,1,1,0,1,78.3,12.0
103,160.0,1,18,0,1,0,1,80.4,12.2
102,460.0,5,22,1,0,0,1,50.4,12.3
103,160.0,0,12,0,0,1,2,54.3,28.4
105,245.0,6,8,1,3,0,2,82.2,28.5
105,245.0,4,19,0,2,0,0,80.6,4.5
103,160.0,4,12,1,0,0,1,58.9,16.7
105,245.0,6,18,1,2,0,2,91.7,29.1
105,245.0,5,20,1,3,0,2,52.9,25.5
103,160.0,3,13,1,1,1,0,51.2,12.3
101,135.0,0,12,0,1,0,0,53.9,3.5
103,160.0,4,19,0,1,0,1,73.0,7.5
101,135.0,6,15,1,0,0,2,58.7,24.3
101,135.0,4,22,0,2,0,1,51.9,11.3
101,135.0,0,13,0,0,1,0,41.3,5.7
104,345.0,2,13,0,0,0,0,40.1,4.2
102,460.0,6,6,1,3,0,2,76.1,22.2
102,460.0,5,15,1,3,0,2,67.7,29.6
101,135.0,2,10,1,1,1,0,61.3,16.3
101,135.0,0,16,0,0,0,0,60.7,0.5
101,135.0,6,18,1,3,0,1,91.0,6.8
105,245.0,1,12,0,1,0,3,54.3,34.7
102,460.0,0,13,0,3,0,1,39.7,9.4
101,135.0,0,13,0,0,0,0,44.4,2.5
102,460.0,1,12,0,3,0,1,42.6,10.0
104,345.0,0,7,0,2,1,0,71.0,7.8
102,460.0,5,15,1,3,0,1,49.3,13.1
101,135.0,1,12,0,0,0,0,53.0,3.6
105,245.0,4,21,0,0,0,1,34.1,8.1
105,245.0,4,13,1,1,1,1,64.4,12.8
104,345.0,0,21,0,3,0,1,37.6,9.2
103,160.0,1,15,0,2,0,1,44.5,6.9
101,135.0,4,18,0,1,0,2,72.2,18.8
101,135.0,3,8,0,2,0,1,76.8,13.7
104,345.0,6,8,1,1,0,3,81.5,39.7
102,460.0,0,17,0,2,1,1,93.8,16.5
102,460.0,0,10,0,3,0,1,54.8,6.2
103,160.0,1,7,1,2,0,1,90.6,12.8
104,345.0,0,11,0,2,0,2,58.6,16.9
103,160.0,5,12,1,2,0,0,75.1,6.4
101,135.0,6,22,1,0,0,1,42.1,12.4
103,160.0,4,9,0,0,1,1,72.4,18.0
104,345.0,5,19,1,1,0,2,76.9,30.1
103,160.0,2,15,0,2,0,1,49.6,11.7
105,245.0,2,12,0,0,0,0,42.0,0.0
101,135.0,4,22,0,2,1,1,60.8,19.7
101,135.0,2,11,0,2,1,1,58.5,10.3
103,160.0,3,5,0,2,0,2,45.1,18.2
105,245.0,2,10,0,0,0,1,52.1,11.6
103,160.0,6,22,1,2,1,2,65.4,36.3
102,460.0,6,10,1,3,0,0,68.1,11.5
101,135.0,2,20,0,2,0,2,55.7,19.1
103,160.0,3,11,0,2,0,2,49.5,18.6
103,160.0,2,14,0,1,1,2,55.7,27.0
104,345.0,2,14,0,0,0,1,46.0,16.9
102,460.0,2,21,1,3,0,1,64.6,16.0
105,245.0,5,7,1,3,0,0,86.6,7.2
103,160.0,6,13,1,1,1,1,65.1,16.4
105,245.0,0,10,0,3,1,2,46.6,18.3
104,345.0,3,5,0,1,1,2,59.2,28.2
101,135.0,1,11,0,3,0,0,27.8,0.0
102,460.0,2,14,0,3,0,0,40.5,2.7
102,460.0,2,22,0,2,0,0,53.2,0.0
105,245.0,4,8,0,3,1,2,63.9,30.2
105,245.0,0,8,1,0,1,2,79.4,33.6
105,245.0,5,13,1,0,0,1,68.3,12.5
102,460.0,1,16,0,2,0,2,53.5,19.6
102,460.0,5,18,1,1,0,0,90.0,7.1
104,345.0,3,19,0,1,0,0,56.5,0.0
103,160.0,6,17,1,2,0,1,100.0,11.2
101,135.0,6,16,1,0,0,1,75.2,13.2
104,345.0,3,6,0,3,0,2,63.0,16.1
103,160.0,5,18,1,3,1,1,92.6,23.3
104,345.0,4,11,0,3,0,1,50.9,18.0
101,135.0,0,6,1,3,0,1,77.1,17.3
102,460.0,4,22,0,2,1,0,56.9,5.7
102,460.0,0,11,1,3,0,1,58.2,15.0
103,160.0,3,11,0,0,2,3,54.7,57.3
103,160.0,5,7,1,0,0,0,97.6,3.4
101,135.0,6,15,1,1,0,2,58.2,24.7
102,460.0,1,13,0,2,0,2,49.5,17.3
105,245.0,6,17,1,0,0,2,82.9,24.6
105,245.0,1,21,0,0,0,1,42.6,9.1
104,345.0,0,10,0,3,0,1,45.8,12.5
103,160.0,0,5,0,1,0,0,53.3,0.0
102,460.0,6,13,1,0,0,1,59.5,15.4
103,160.0,0,21,1,1,0,2,71.4,23.8
101,135.0,3,15,0,3,0,0,33.7,0.0
101,135.0,6,20,1,2,0,1,73.3,19.3
105,245.0,3,15,0,2,0,1,70.0,0.0
102,460.0,5,17,1,0,1,1,87.0,22.0
104,345.0,3,18,1,3,0,1,81.9,11.8
104,345.0,4,8,0,1,1,2,67.8,30.5
105,245.0,2,13,0,1,0,0,42.3,6.2
101,135.0,4,21,0,0,0,0,41.0,1.2
101,135.0,4,22,0,1,0,2,59.8,21.6
101,135.0,2,13,1,2,0,2,73.6,26.6
102,460.0,4,11,1,0,0,1,71.2,14.1
101,135.0,3,11,1,0,0,3,75.3,43.3
103,160.0,0,18,1,2,1,1,94.3,22.5
103,160.0,2,13,0,2,1,2,62.4,25.0
102,460.0,4,15,0,1,1,1,49.1,19.0
103,160.0,4,22,0,2,1,0,56.7,10.0
101,135.0,1,19,0,2,0,1,80.1,9.3
105,245.0,5,12,1,0,0,1,60.7,17.5
105,245.0,6,10,1,2,1,3,61.8,49.0
104,345.0,0,7,1,3,0,3,77.0,43.4
102,460.0,5,18,1,2,0,0,100.0,6.4
105,245.0,3,17,0,0,0,0,59.2,0.0
104,345.0,4,15,0,3,1,0,43.9,8.2
101,135.0,4,21,0,2,0,1,75.1,9.9
101,135.0,3,10,0,2,0,2,64.9,20.0
105,245.0,2,15,0,0,2,0,43.1,17.8
104,345.0,1,19,0,1,0,1,82.6,7.0
101,135.0,3,9,0,1,1,1,70.1,17.6
102,460.0,1,12,1,1,1,0,46.3,8.8
102,460.0,1,10,0,1,0,3,45.7,35.7
104,345.0,2,10,1,1,0,1,58.7,15.3
103,160.0,2,19,0,1,0,1,87.2,13.4
104,345.0,6,16,1,3,1,1,65.1,23.1
101,135.0,0,19,0,1,0,2,73.2,16.3
102,460.0,3,16,0,0,1,1,46.5,15.3
101,135.0,2,6,1,3,1,1,50.3,21.5
103,160.0,2,5,0,1,2,2,56.3,37.4
102,460.0,3,13,0,2,0,1,62.7,14.9
104,345.0,3,19,0,0,1,2,82.9,30.6
102,460.0,1,11,0,1,0,0,29.7,6.1
102,460.0,6,15,1,0,0,1,55.9,17.3
101,135.0,2,19,0,0,1,0,60.2,8.6
105,245.0,2,13,0,2,1,0,60.3,8.5
102,460.0,0,11,1,2,1,0,72.0,19.9
102,460.0,3,15,0,3,0,1,45.7,6.3
104,345.0,0,14,0,1,1,3,39.4,45.9
102,460.0,0,14,0,2,0,1,47.2,11.6
102,460.0,1,15,0,1,1,1,43.7,17.1
103,160.0,5,21,1,0,0,0,54.7,8.5
102,460.0,3,22,1,3,2,2,53.7,40.9
103,160.0,6,22,1,2,0,1,65.7,17.4
101,135.0,5,8,1,0,0,1,85.3,12.3
101,135.0,5,9,1,3,2,1,83.8,36.9
101,135.0,6,7,1,3,0,1,81.6,9.1
105,245.0,0,5,0,3,2,0,42.7,19.3
105,245.0,5,21,1,0,1,2,60.6,33.9
104,345.0,3,21,0,1,0,1,51.6,12.9
101,135.0,2,10,0,3,0,0,52.7,1.1
104,345.0,3,17,0,0,0,3,71.5,40.7
104,345.0,5,9,1,3,0,1,89.3,13.4
102,460.0,6,20,1,3,0,1,65.9,13.2
103,160.0,4,8,0,2,0,1,83.9,8.9
102,460.0,1,15,0,0,0,2,48.4,17.1
103,160.0,5,8,1,1,0,1,88.8,11.1
105,245.0,1,11,0,2,0,0,47.7,5.4
105,245.0,1,11,0,0,0,1,49.3,14.6
104,345.0,0,17,0,3,1,1,70.4,18.5
103,160.0,3,10,0,3,0,1,42.9,8.9
101,135.0,6,7,1,2,0,0,100.0,9.8
102,460.0,2,13,0,2,0,2,57.3,20.2
102,460.0,3,8,0,1,1,0,78.7,13.8
103,160.0,1,19,0,2,0,1,95.0,12.1
103,160.0,5,21,1,3,0,2,87.2,21.7
101,135.0,6,20,1,2,2,2,69.5,45.4
105,245.0,3,18,0,1,0,1,73.5,5.5
102,460.0,5,11,1,3,2,1,64.2,38.3
101,135.0,5,7,1,3,1,1,82.1,22.5
101,135.0,6,8,1,3,0,1,87.3,18.5
104,345.0,1,15,0,2,0,2,51.4,24.0
102,460.0,1,11,0,2,0,2,57.9,23.1
102,460.0,5,12,1,1,0,2,56.0,23.0
103,160.0,1,9,0,3,0,2,65.9,19.6
104,345.0,4,18,0,0,0,1,97.3,9.4
101,135.0,4,16,1,3,0,1,47.8,17.2
105,245.0,4,8,0,1,0,1,75.8,10.7
103,160.0,2,8,0,0,0,2,83.6,16.3
103,160.0,1,18,0,1,0,2,81.5,23.0
105,245.0,2,21,0,1,0,2,65.7,24.0
104,345.0,6,9,1,1,0,0,76.2,9.2
103,160.0,3,9,0,3,0,2,66.9,23.3
101,135.0,4,20,1,3,0,1,49.2,15.6
104,345.0,5,9,1,1,0,2,76.5,25.7
103,160.0,1,16,0,2,0,1,51.9,11.3
101,135.0,6,11,1,2,1,0,71.6,14.6
101,135.0,0,14,0,1,1,1,46.3,19.6
102,460.0,0,6,0,1,0,2,48.8,18.9
104,345.0,6,17,1,2,0,0,100.0,7.9
102,460.0,4,8,0,0,0,1,73.9,8.5
102,460.0,3,19,0,2,0,2,96.0,22.0
103,160.0,6,18,1,3,0,2,100.0,23.8
101,135.0,5,5,1,1,2,1,62.4,32.7
103,160.0,6,5,1,2,0,0,80.3,13.2
103,160.0,6,21,1,1,0,0,60.8,6.2
102,460.0,3,16,0,3,1,1,37.1,20.3
102,460.0,2,15,0,1,1,2,42.0,28.6
101,135.0,5,20,1,0,1,0,61.2,15.1
105,245.0,3,5,0,2,0,1,55.8,15.1
101,135.0,4,17,0,3,0,0,79.9,3.8
101,135.0,1,6,1,0,0,1,49.1,9.8
104,345.0,0,18,0,2,0,2,74.6,20.2
101,135.0,4,21,0,2,0,1,53.4,8.2
105,245.0,6,17,1,2,0,0,95.9,11.0
102,460.0,1,7,0,1,0,2,74.8,22.9
101,135.0,4,12,0,3,0,1,41.4,6.8
102,460.0,2,18,0,3,0,1,74.9,10.2
104,345.0,6,5,1,2,0,1,83.4,12.8
104,345.0,1,7,0,0,1,0,72.5,6.0
105,245.0,5,7,1,2,1,1,98.8,17.6
102,460.0,0,20,0,1,0,0,48.3,0.0
103,160.0,1,11,1,0,0,0,65.5,8.7
103,160.0,3,13,0,0,0,2,44.4,22.8
101,135.0,2,10,1,2,0,1,70.8,14.6
103,160.0,3,8,0,3,0,1,71.2,7.9
105,245.0,1,6,0,2,0,2,56.9,18.6
101,135.0,0,15,0,3,1,0,47.0,7.5
102,460.0,2,18,1,2,1,0,100.0,11.9
102,460.0,2,13,0,1,1,2,38.4,23.1
104,345.0,3,10,0,1,0,1,42.4,11.1
103,160.0,3,11,0,2,0,0,64.2,3.6
103,160.0,4,15,1,0,1,1,65.4,23.6
103,160.0,5,19,1,0,0,2,87.9,25.1
103,160.0,2,18,1,1,1,2,97.8,30.2
104,345.0,6,19,1,3,1,0,72.1,10.0
103,160.0,0,13,0,2,0,1,64.7,7.1
104,345.0,4,5,1,1,0,0,54.8,7.0
101,135.0,2,13,0,0,1,0,55.5,12.3
103,160.0,6,7,1,0,0,0,93.0,7.0
101,135.0,2,14,0,1,0,1,49.8,9.1
102,460.0,3,10,0,3,0,0,47.3,1.4
104,345.0,0,12,1,1,1,1,67.3,17.1
105,245.0,5,11,1,3,0,1,57.0,10.3
101,135.0,0,9,0,1,0,1,61.1,5.5
101,135.0,4,19,0,3,0,0,69.4,6.1
102,460.0,3,17,0,1,0,3,66.5,36.6
101,135.0,6,21,1,2,0,1,53.4,16.1
101,135.0,2,18,0,0,0,1,82.0,13.0
104,345.0,0,15,0,1,1,2,31.0,29.2
104,345.0,4,22,0,3,2,2,45.5,38.5
102,460.0,0,16,0,2,0,0,56.6,0.0
103,160.0,4,11,0,3,2,1,34.4,33.3
103,160.0,3,19,1,2,0,0,100.0,3.3
103,160.0,5,10,1,3,2,0,59.6,28.3
104,345.0,4,9,0,3,0,1,70.2,9.6
103,160.0,5,11,1,0,1,1,62.7,17.4
103,160.0,1,17,0,2,0,1,94.0,6.6
102,460.0,5,12,1,0,0,0,48.5,6.6
103,160.0,4,9,0,2,0,1,80.3,12.1
104,345.0,3,22,0,2,1,0,60.9,7.4
101,135.0,5,14,1,1,0,0,57.5,9.0
101,135.0,3,21,0,1,0,1,52.9,14.0
102,460.0,3,20,0,2,0,1,54.3,9.9
104,345.0,1,15,0,3,1,0,40.3,10.7
104,345.0,2,19,1,3,0,1,71.7,12.5
102,460.0,3,22,0,3,1,2,60.1,28.8
102,460.0,5,8,1,0,0,0,70.4,6.3
103,160.0,0,12,0,2,0,1,63.0,15.8
105,245.0,4,6,1,0,0,0,63.5,8.8
104,345.0,3,10,0,1,0,2,39.7,15.8
101,135.0,2,8,0,2,1,0,75.0,12.0
105,245.0,0,22,0,0,0,2,50.6,23.4
105,245.0,1,12,0,2,2,1,58.7,29.1
104,345.0,1,7,0,1,1,2,66.2,27.8
103,160.0,6,11,1,3,0,1,65.8,12.1
104,345.0,3,21,0,3,0,1,38.3,7.8
102,460.0,4,18,0,2,0,1,76.2,7.6
105,245.0,6,14,1,0,0,0,57.6,13.3
105,245.0,0,21,0,1,0,1,46.0,11.3
103,160.0,4,17,0,1,0,2,70.3,25.3
105,245.0,4,9,0,1,0,1,71.8,4.7
102,460.0,5,18,1,2,1,1,88.8,17.7
102,460.0,0,15,0,1,1,1,47.6,18.7
103,160.0,4,12,0,1,0,1,45.1,14.6
102,460.0,4,16,0,2,0,0,63.9,0.0
105,245.0,3,22,1,2,1,1,64.7,17.2
103,160.0,2,21,0,2,0,0,64.6,0.0
104,345.0,4,12,0,0,2,0,46.6,22.3
102,460.0,0,10,1,1,1,1,59.1,19.2
105,245.0,0,16,0,1,0,0,43.0,4.6
102,460.0,5,6,1,1,1,0,39.9,12.2
101,135.0,2,10,0,1,0,0,40.7,2.6
101,135.0,0,16,0,2,0,1,62.0,9.7
101,135.0,6,20,1,0,1,1,62.9,19.5
104,345.0,1,18,0,2,0,2,63.1,16.7
102,460.0,6,7,1,3,1,0,86.4,11.9
101,135.0,5,15,1,0,0,0,73.7,10.2
105,245.0,1,11,0,1,0,1,53.5,10.1
102,460.0,3,8,0,0,0,0,62.7,0.4
105,245.0,4,15,0,0,0,1,43.7,6.9
104,345.0,2,10,0,1,1,1,49.1,19.0
104,345.0,5,12,1,3,0,2,59.1,27.9
105,245.0,2,17,1,2,0,1,96.2,11.4
102,460.0,3,14,0,2,0,1,67.2,5.6
103,160.0,3,13,0,1,0,1,38.2,4.4
103,160.0,1,14,0,2,0,0,66.5,0.0
103,160.0,2,13,0,0,0,0,46.1,0.5
103,160.0,5,20,1,2,0,1,80.7,14.0
104,345.0,3,14,0,2,0,2,56.1,21.7
103,160.0,3,21,0,1,0,0,36.0,6.8
102,460.0,4,19,0,3,0,1,68.4,12.7
101,135.0,5,18,1,1,0,1,74.7,17.3
105,245.0,3,13,0,2,1,1,50.0,15.9
104,345.0,0,16,0,2,0,0,58.7,0.0
101,135.0,0,10,0,2,0,2,57.9,17.8
105,245.0,2,13,0,1,0,1,54.2,5.0
101,135.0,0,7,0,0,0,2,71.8,21.4
104,345.0,4,13,0,1,0,0,59.9,5.0
104,345.0,4,21,1,0,0,2,53.9,17.7
104,345.0,4,16,0,2,0,2,52.1,22.1
102,460.0,0,12,0,1,0,0,51.9,3.3
104,345.0,5,15,1,1,0,0,58.8,6.8
104,345.0,4,11,0,3,0,3,55.3,33.9
102,460.0,6,21,1,1,1,1,59.9,21.6
101,135.0,2,19,0,0,0,3,58.9,35.7
101,135.0,3,8,0,2,0,1,82.0,11.9
104,345.0,6,19,1,1,1,0,79.7,13.2
104,345.0,4,7,0,2,1,1,90.4,14.1
103,160.0,5,14,1,2,0,1,63.7,17.6
105,245.0,4,12,0,0,0,1,54.5,8.8
105,245.0,0,21,0,3,1,1,43.7,17.6
102,460.0,5,9,1,2,0,0,95.1,5.8
102,460.0,0,15,0,0,0,1,52.2,11.0
102,460.0,3,14,1,3,0,1,57.4,12.6
104,345.0,0,13,0,1,0,0,56.2,6.5
101,135.0,0,15,0,2,0,1,51.7,9.9
104,345.0,5,21,1,3,0,1,68.4,12.2
105,245.0,4,13,1,1,0,1,71.4,18.1
103,160.0,0,11,1,0,2,0,54.9,26.4
105,245.0,4,17,0,1,0,1,62.2,10.4
103,160.0,2,10,0,3,2,1,46.6,30.0
105,245.0,5,5,1,2,0,1,57.5,21.2
102,460.0,4,9,1,2,1,0,100.0,10.0
105,245.0,0,14,0,1,1,2,39.1,25.8
102,460.0,2,17,0,1,0,2,66.3,16.7
104,345.0,3,10,1,1,0,2,61.1,28.3
104,345.0,1,20,0,2,1,2,45.2,26.5
105,245.0,1,16,0,2,0,1,50.3,9.9
102,460.0,3,19,0,2,1,0,59.1,11.8
102,460.0,1,11,0,1,0,2,44.4,22.0
103,160.0,6,12,1,2,0,1,82.9,20.1
104,345.0,6,10,1,0,0,1,48.3,19.7
103,160.0,3,19,1,2,1,0,87.7,17.4
102,460.0,1,7,0,2,0,1,86.1,11.7
102,460.0,4,11,0,3,0,0,44.1,0.0
101,135.0,1,20,0,2,0,3,70.0,39.6
101,135.0,1,16,0,0,0,1,46.7,6.9
102,460.0,5,18,1,1,1,0,91.8,17.1
105,245.0,4,5,0,1,0,1,59.0,13.9
103,160.0,1,17,0,2,0,0,87.7,2.7
104,345.0,4,19,0,1,1,0,78.8,4.0
103,160.0,2,10,0,0,0,0,48.5,3.7
105,245.0,1,10,1,3,1,1,62.1,18.1
105,245.0,4,12,0,1,0,0,42.5,4.3
103,160.0,6,6,1,3,0,1,62.3,11.4
104,345.0,1,5,0,1,0,3,50.1,35.7
105,245.0,3,8,0,1,0,1,68.9,9.8
103,160.0,6,8,1,0,0,2,80.4,24.2
105,245.0,3,22,0,0,0,0,35.5,6.3
103,160.0,0,10,0,3,1,1,40.4,19.1
104,345.0,3,17,0,3,0,1,69.3,7.4
101,135.0,4,5,1,3,0,3,61.7,43.5
103,160.0,0,17,0,1,0,0,73.4,7.6
101,135.0,5,9,1,0,1,0,84.5,16.3
101,135.0,5,22,1,3,0,2,50.4,26.7
102,460.0,4,10,1,0,0,1,53.8,13.7
102,460.0,4,8,0,1,0,2,73.5,23.0
101,135.0,1,14,0,0,0,0,44.9,1.0
104,345.0,1,8,1,0,1,2,84.8,33.6
105,245.0,4,6,0,0,1,1,43.7,16.5
103,160.0,5,7,1,3,0,3,94.7,38.5
103,160.0,1,22,0,2,0,1,63.4,8.9
105,245.0,4,10,0,2,0,1,54.2,11.4
102,460.0,1,16,0,1,1,2,50.2,25.9
104,345.0,6,20,1,0,0,1,59.4,17.6
104,345.0,3,9,1,2,1,1,100.0,22.3
104,345.0,3,12,0,0,0,1,52.4,11.1
104,345.0,3,10,0,2,2,0,61.1,22.5
104,345.0,2,20,0,2,0,1,54.7,13.7
102,460.0,4,22,0,0,0,0,48.3,0.0
104,345.0,5,14,1,2,0,2,77.5,31.0
105,245.0,0,17,0,0,0,0,63.7,2.8
105,245.0,4,6,0,0,0,1,29.5,5.5
104,345.0,2,22,1,0,1,0,69.2,11.0
102,460.0,0,22,0,1,0,0,42.4,1.6
104,345.0,1,14,0,1,0,0,29.1,2.1
104,345.0,1,13,0,0,0,1,43.7,5.0
104,345.0,0,12,0,0,0,1,36.1,9.1
101,135.0,0,16,1,0,0,1,62.7,16.6
102,460.0,3,18,0,2,0,1,93.3,8.2
105,245.0,1,6,0,3,1,1,41.7,20.2
104,345.0,4,6,1,2,0,0,68.3,3.5
102,460.0,3,8,0,3,0,1,79.8,7.4
105,245.0,2,12,0,1,0,0,61.8,5.2
102,460.0,4,18,0,1,0,0,70.1,2.1
103,160.0,2,15,0,1,0,2,60.4,23.7
104,345.0,2,6,0,3,0,0,48.0,3.6
102,460.0,6,19,1,0,0,0,86.1,6.2
105,245.0,4,8,0,2,1,0,70.6,6.8
103,160.0,0,9,0,1,0,1,69.3,13.1
102,460.0,2,6,0,2,0,2,71.6,21.3
103,160.0,0,10,1,3,0,2,66.9,23.9
102,460.0,2,17,0,1,0,1,57.0,6.7
101,135.0,0,21,0,3,0,0,43.2,0.0
101,135.0,6,7,1,2,0,1,98.7,17.6
104,345.0,6,17,1,1,0,1,83.5,12.9
102,460.0,1,10,0,1,0,0,28.2,3.4
105,245.0,4,17,0,0,0,1,69.0,10.4
103,160.0,6,15,1,2,0,1,74.7,18.6
101,135.0,5,17,1,1,2,1,97.6,39.5
102,460.0,1,12,0,0,0,2,53.5,23.0
102,460.0,4,14,0,1,1,0,55.5,10.0
101,135.0,0,8,0,1,2,1,75.3,31.3
103,160.0,4,21,0,3,1,2,53.8,34.8
102,460.0,0,7,0,2,0,2,85.4,25.3
105,245.0,2,6,0,0,0,0,38.7,5.6
102,460.0,1,19,0,3,0,0,72.0,0.1
104,345.0,4,12,0,3,0,1,55.8,6.1
101,135.0,2,7,0,1,0,2,53.3,16.0
102,460.0,2,22,0,1,0,1,44.8,11.9
103,160.0,3,5,0,3,0,1,47.3,2.9
101,135.0,5,18,1,0,0,1,82.0,14.7
103,160.0,1,12,0,3,0,1,38.7,13.7
103,160.0,0,12,1,1,0,2,53.7,27.0
102,460.0,1,19,0,3,0,1,63.4,15.6
103,160.0,0,20,0,2,0,0,42.8,0.0
103,160.0,4,11,1,1,0,1,70.7,17.9
104,345.0,0,19,1,2,0,2,100.0,25.8
101,135.0,2,20,0,0,0,3,44.4,40.0
102,460.0,4,22,0,1,2,1,40.8,30.1
104,345.0,3,8,0,3,0,0,71.2,2.0
101,135.0,2,18,1,3,0,0,86.0,8.5
105,245.0,3,22,0,1,0,2,59.3,20.3
104,345.0,0,17,0,1,1,2,83.5,34.1
104,345.0,6,16,1,2,0,1,59.0,13.8
105,245.0,0,21,1,2,1,1,83.0,22.8
101,135.0,1,10,0,1,0,2,47.1,20.8
102,460.0,0,13,0,0,1,2,49.2,34.6
103,160.0,4,12,0,2,0,1,59.1,7.7
103,160.0,6,6,1,3,0,1,56.4,10.8
102,460.0,0,8,0,1,0,1,61.5,6.0
103,160.0,1,22,0,2,0,1,60.2,8.7
102,460.0,2,9,0,3,0,1,77.7,12.0
105,245.0,3,13,1,1,0,1,58.5,13.8
103,160.0,6,14,1,0,0,1,67.4,18.6
102,460.0,0,6,0,0,0,1,29.5,11.1
102,460.0,3,5,0,2,0,0,52.2,0.0
105,245.0,1,13,0,2,0,1,65.8,8.1
103,160.0,4,13,0,3,0,1,36.3,11.7
104,345.0,2,8,0,2,0,1,81.0,8.2
101,135.0,0,21,0,1,1,1,46.4,17.9
103,160.0,5,20,1,1,0,2,53.0,26.6
102,460.0,3,16,0,3,0,2,50.7,19.7
102,460.0,0,12,0,3,0,0,45.7,5.0
104,345.0,3,20,0,2,0,3,58.6,35.9
103,160.0,4,9,1,2,0,0,100.0,13.6
102,460.0,5,5,1,0,1,1,77.5,27.4
105,245.0,6,7,1,2,0,2,96.7,22.7
102,460.0,5,19,1,1,0,0,70.5,4.6
101,135.0,2,18,0,2,0,1,85.8,6.2
104,345.0,3,20,0,2,0,3,58.2,32.6
103,160.0,5,12,1,1,2,2,62.0,47.9
104,345.0,4,15,0,3,1,0,42.3,11.1
103,160.0,1,17,0,3,0,0,72.0,5.3
102,460.0,6,16,1,0,0,1,67.9,17.9
101,135.0,6,12,1,1,0,0,61.8,7.3
102,460.0,5,20,1,2,0,0,77.2,3.5
103,160.0,4,15,0,2,0,1,42.8,10.7
102,460.0,1,8,0,2,0,1,82.6,11.6
105,245.0,3,22,0,1,0,1,47.0,16.0
105,245.0,3,8,0,1,0,1,65.3,9.8
102,460.0,2,21,1,2,1,0,70.5,13.6
101,135.0,5,16,1,2,0,1,79.8,17.1
104,345.0,6,7,1,1,0,1,91.1,13.6
103,160.0,4,6,1,3,0,0,54.0,1.7
102,460.0,4,15,0,0,0,1,55.0,9.8
104,345.0,1,21,1,0,0,3,56.6,39.8
104,345.0,2,8,0,2,0,1,95.5,10.9
102,460.0,0,18,0,0,1,1,74.1,15.5
105,245.0,0,12,0,1,0,3,58.7,36.2
104,345.0,4,15,0,2,0,2,66.4,17.0
105,245.0,2,12,0,1,0,0,38.7,0.0
105,245.0,2,6,1,0,0,0,54.1,8.3
103,160.0,0,12,0,1,0,0,34.2,2.0
104,345.0,3,22,0,0,1,0,51.3,2.9
105,245.0,4,6,0,0,0,0,40.9,3.0
104,345.0,4,13,0,0,0,1,36.4,11.2
103,160.0,1,6,0,3,1,2,35.4,29.9
102,460.0,4,20,1,0,0,1,50.5,13.6
104,345.0,5,13,1,3,2,2,57.4,44.4
101,135.0,1,14,0,1,1,0,41.9,10.5
105,245.0,5,20,1,0,0,0,59.9,8.0
101,135.0,2,7,0,1,0,3,71.2,36.3
104,345.0,0,17,0,1,0,0,66.5,3.1
105,245.0,1,11,0,0,0,1,52.4,10.0
102,460.0,4,13,0,3,0,1,52.9,13.4
102,460.0,1,8,0,0,0,0,83.9,0.2
104,345.0,3,18,0,1,0,1,70.0,19.4
105,245.0,6,18,1,1,0,0,91.8,8.2
102,460.0,5,14,1,3,1,0,69.0,13.9
103,160.0,6,14,1,2,0,2,90.0,27.4
103,160.0,6,19,1,2,0,2,81.4,25.6
105,245.0,3,16,0,1,1,0,54.1,9.0
103,160.0,1,20,0,0,1,2,38.8,28.8
104,345.0,3,18,1,2,0,0,87.2,6.8
101,135.0,6,9,1,0,1,2,85.8,28.9
101,135.0,3,7,0,3,0,2,87.0,23.4
104,345.0,2,6,1,3,0,1,59.2,15.9
105,245.0,3,13,0,0,2,1,43.8,34.1
102,460.0,4,5,0,1,0,3,37.8,35.9
104,345.0,1,6,0,3,0,1,43.5,12.3
101,135.0,5,12,1,2,0,1,59.9,15.1
105,245.0,5,9,1,0,0,2,75.8,25.1
104,345.0,3,14,1,0,0,2,51.9,24.0
103,160.0,6,5,1,3,0,1,35.9,12.4
104,345.0,1,20,0,0,0,0,61.2,2.9
104,345.0,0,11,0,1,1,0,48.0,1.1
101,135.0,2,14,0,2,1,1,55.7,13.8
102,460.0,6,21,1,3,0,0,70.3,11.3
103,160.0,0,21,0,3,1,1,55.1,20.0
101,135.0,6,13,1,2,1,1,68.1,19.4
101,135.0,0,6,0,0,0,1,43.2,10.1
103,160.0,3,16,1,3,0,1,56.9,14.8
102,460.0,6,21,1,3,0,2,53.7,29.2
104,345.0,2,20,0,1,0,1,59.1,5.3
104,345.0,3,12,0,0,1,1,33.6,15.3
104,345.0,0,13,0,1,0,1,51.7,7.3
102,460.0,5,10,1,1,0,2,64.8,26.5
103,160.0,1,7,0,2,0,2,78.8,19.7
105,245.0,4,7,0,2,2,2,80.5,41.0
101,135.0,0,5,0,3,0,1,53.5,12.0
103,160.0,6,18,1,1,0,1,94.3,11.3
101,135.0,5,12,1,0,0,0,55.0,9.3
105,245.0,0,12,0,2,0,1,69.1,7.6
105,245.0,5,8,1,0,0,1,80.4,12.5
103,160.0,5,22,1,0,1,0,59.1,12.5
104,345.0,4,10,0,2,0,2,49.9,16.8
105,245.0,3,17,0,0,1,1,81.8,14.4
104,345.0,0,15,0,0,0,0,46.7,1.4
105,245.0,1,20,0,3,2,1,43.6,29.4
102,460.0,0,16,0,1,0,0,41.5,4.2
105,245.0,4,18,0,3,0,0,71.3,1.6
105,245.0,2,9,1,0,0,0,78.4,2.6
102,460.0,0,7,0,2,0,2,73.6,18.8
103,160.0,5,17,1,3,2,0,80.0,28.4
104,345.0,1,12,0,0,1,1,44.4,17.4
101,135.0,0,20,1,0,0,2,59.3,22.6
102,460.0,4,8,0,2,0,0,92.6,8.8
102,460.0,4,6,0,2,0,2,69.0,14.1
104,345.0,1,22,0,2,1,1,57.1,13.2
104,345.0,5,16,1,2,0,2,76.6,26.7
102,460.0,0,15,0,2,0,2,58.1,22.0
103,160.0,6,7,1,0,1,0,81.9,21.3
104,345.0,2,14,0,2,0,1,72.8,13.5
104,345.0,0,11,0,2,0,1,50.2,9.4
102,460.0,0,15,0,1,0,2,42.9,21.2
102,460.0,6,5,1,3,1,2,59.2,33.0
101,135.0,3,18,0,2,0,1,100.0,9.3
103,160.0,2,5,0,0,1,2,57.0,32.7
102,460.0,0,7,0,2,0,1,80.7,6.9
103,160.0,0,14,0,0,1,1,35.5,20.3
103,160.0,0,13,0,3,0,1,44.6,12.3
105,245.0,2,6,0,3,0,2,42.9,18.5
104,345.0,3,20,0,2,1,0,53.9,6.9
103,160.0,5,8,1,0,1,0,93.7,16.7
104,345.0,2,18,0,3,0,0,75.4,0.0
103,160.0,5,8,1,3,1,0,95.8,14.3
105,245.0,2,14,0,2,1,1,52.4,15.5
102,460.0,1,21,0,0,0,1,40.0,6.0
103,160.0,3,22,0,1,0,1,33.0,7.6
102,460.0,1,21,0,3,0,1,43.3,19.6
104,345.0,6,13,1,1,0,1,52.0,17.5
101,135.0,0,15,1,1,0,2,52.9,26.1
105,245.0,1,17,0,0,0,1,69.9,8.9
103,160.0,6,18,1,1,0,2,94.2,25.9
101,135.0,6,15,1,1,0,2,68.2,23.1
103,160.0,2,20,0,1,0,1,20.6,9.2
104,345.0,0,12,0,0,0,0,58.0,1.8
101,135.0,3,14,0,1,0,1,43.8,16.2
104,345.0,4,17,0,0,0,0,77.6,0.0
101,135.0,3,8,0,3,0,1,75.6,10.9
103,160.0,1,10,0,3,0,2,37.2,17.2
105,245.0,1,21,0,3,0,0,50.9,2.7
102,460.0,3,22,0,3,0,2,29.4,17.8
103,160.0,3,11,1,0,1,1,55.7,21.0
102,460.0,4,12,0,2,0,0,48.0,2.7
101,135.0,2,6,1,0,0,0,57.3,8.9
105,245.0,4,14,0,0,0,0,48.4,4.4
105,245.0,6,9,1,3,0,3,96.8,41.3
104,345.0,3,11,1,3,0,1,47.4,10.1
103,160.0,3,19,0,2,0,0,84.0,2.5
104,345.0,3,22,0,3,1,2,34.4,28.5
104,345.0,4,13,0,3,2,1,41.1,28.5
101,135.0,1,20,0,3,1,0,36.2,10.1
103,160.0,1,11,0,3,0,0,52.3,3.0
105,245.0,0,9,0,0,1,0,55.8,9.1
102,460.0,5,11,1,0,0,0,62.5,10.0
102,460.0,3,5,0,3,0,3,34.4,40.1
102,460.0,1,18,0,1,0,1,60.8,10.7
102,460.0,3,17,0,2,0,0,75.6,2.7
105,245.0,4,17,0,3,0,1,65.1,9.8
105,245.0,1,10,0,2,0,0,71.2,4.0
102,460.0,1,16,0,1,0,2,48.8,22.1
105,245.0,1,9,0,1,0,0,73.6,1.3
103,160.0,1,6,0,3,0,1,53.7,8.3
101,135.0,1,21,0,3,0,3,53.8,39.6
105,245.0,4,14,1,3,2,2,56.4,43.9
103,160.0,2,22,0,0,0,0,54.6,0.2
105,245.0,5,15,1,2,0,0,68.6,3.8
102,460.0,4,5,0,1,0,1,47.7,13.0
102,460.0,3,19,1,2,0,2,98.6,25.6
102,460.0,1,8,0,0,0,1,69.1,11.4
104,345.0,1,17,0,1,0,0,70.0,0.0
105,245.0,5,11,1,1,0,1,55.1,20.5
105,245.0,6,12,1,2,0,2,71.0,26.0
101,135.0,6,15,1,1,1,0,69.8,13.7
103,160.0,4,21,1,2,0,0,77.7,4.4
101,135.0,5,14,1,2,0,0,71.2,1.8
101,135.0,3,11,0,2,1,2,52.2,25.3
102,460.0,3,18,0,1,0,1,64.1,15.6
105,245.0,6,19,1,3,0,1,94.8,12.8
105,245.0,3,6,0,2,0,2,64.3,19.5
102,460.0,1,7,1,3,2,1,93.8,36.3
105,245.0,3,15,0,1,0,1,22.7,12.9
104,345.0,5,10,1,1,0,1,58.2,14.6
103,160.0,3,19,0,3,0,1,72.6,13.8
105,245.0,2,13,0,3,0,0,43.0,3.9
102,460.0,4,6,0,2,0,2,57.7,19.4
105,245.0,5,17,1,3,0,1,81.5,15.9
104,345.0,2,16,0,2,1,1,73.8,18.1
104,345.0,3,21,0,1,0,2,42.8,22.9
103,160.0,0,18,1,1,0,0,82.7,5.1
102,460.0,1,22,1,1,0,0,56.4,2.9
104,345.0,6,14,1,2,0,1,75.2,14.1
103,160.0,3,17,0,3,1,3,67.2,42.2
103,160.0,4,6,1,3,0,1,59.7,16.4
104,345.0,4,12,0,1,1,0,44.0,8.5
103,160.0,2,14,0,3,1,2,64.5,26.5
101,135.0,3,22,0,0,0,1,44.5,20.6
101,135.0,5,19,1,3,0,1,83.5,19.0
104,345.0,3,16,0,1,0,2,51.7,21.1
101,135.0,2,20,0,2,0,1,52.5,11.8
103,160.0,2,7,0,3,0,1,75.4,15.8
105,245.0,4,19,0,2,0,3,85.7,35.0
103,160.0,6,20,1,1,0,1,51.7,14.6
104,345.0,0,9,0,0,0,1,61.2,11.0
104,345.0,3,9,0,1,1,1,47.5,16.9
105,245.0,0,7,1,2,0,2,93.5,26.2
102,460.0,1,12,0,3,0,1,42.6,11.4
105,245.0,4,17,0,3,0,1,63.9,11.1
102,460.0,2,17,0,2,0,1,87.2,11.2
104,345.0,0,14,0,3,0,1,37.9,4.7
105,245.0,2,9,0,3,0,1,78.7,10.0
104,345.0,5,7,1,1,0,1,75.6,18.5
105,245.0,3,15,0,3,0,2,27.0,16.8
104,345.0,5,6,1,1,0,1,61.2,14.2
105,245.0,1,16,0,3,0,2,53.2,17.7
102,460.0,6,5,1,1,0,1,76.0,16.3
105,245.0,1,15,0,2,1,1,56.7,19.8
104,345.0,3,6,0,0,0,0,47.4,4.1
102,460.0,1,15,0,0,0,1,35.3,9.3
102,460.0,1,10,0,2,0,1,50.6,11.0
104,345.0,0,20,0,2,0,0,51.7,3.9
105,245.0,4,10,0,1,1,0,44.6,4.8
102,460.0,3,5,0,1,0,2,41.7,18.1
103,160.0,5,6,1,3,0,0,52.0,8.5
103,160.0,1,13,0,1,0,0,48.8,2.9
103,160.0,6,13,1,2,0,1,59.0,14.1
101,135.0,1,21,0,2,0,1,65.3,6.1
101,135.0,6,11,1,1,0,0,41.8,6.5
102,460.0,0,14,1,0,0,1,58.2,10.4
103,160.0,6,22,1,0,0,1,70.0,19.2
102,460.0,4,19,0,2,0,1,83.1,9.0
102,460.0,4,13,0,2,0,0,55.9,0.0
105,245.0,0,19,0,1,0,2,74.1,17.3
105,245.0,6,14,1,3,1,0,77.3,18.0
105,245.0,5,15,1,2,1,1,74.5,19.3
102,460.0,6,11,1,2,0,1,81.6,10.9
103,160.0,4,13,1,2,0,1,56.9,17.0
101,135.0,0,6,0,1,0,1,43.0,4.4
101,135.0,1,19,0,1,0,1,73.7,5.7
101,135.0,5,17,1,0,0,2,76.8,24.4
105,245.0,6,13,1,1,2,0,75.9,29.8
105,245.0,0,15,0,2,1,3,60.4,50.5
101,135.0,1,9,0,2,0,3,84.9,37.3
104,345.0,2,12,0,3,0,1,29.3,13.8
105,245.0,1,21,0,2,0,2,41.0,23.0
105,245.0,1,21,1,2,0,0,91.8,4.2
104,345.0,0,13,0,1,0,0,41.5,0.2
105,245.0,2,10,0,2,0,0,76.2,0.0
105,245.0,0,13,0,3,1,2,54.0,27.8
103,160.0,5,5,1,3,0,0,61.0,5.5
102,460.0,6,20,1,3,0,2,67.3,25.1
105,245.0,3,5,0,3,0,2,51.3,20.0
104,345.0,6,16,1,3,0,0,72.8,6.7
104,345.0,6,22,1,1,0,0,70.9,2.2
101,135.0,1,19,0,3,0,2,67.4,14.9
104,345.0,0,8,0,2,0,1,71.0,10.6
105,245.0,1,8,0,1,0,0,77.6,0.5
102,460.0,4,8,1,1,0,1,82.6,13.2
104,345.0,1,22,0,2,1,1,63.3,18.4
104,345.0,5,11,1,1,0,1,60.7,11.9
101,135.0,3,6,0,2,0,2,53.9,21.6
105,245.0,0,19,0,1,0,2,62.3,22.2
101,135.0,6,22,1,0,0,1,69.9,13.5
105,245.0,6,10,1,2,1,1,65.2,20.4
105,245.0,1,18,0,3,1,0,86.3,12.0
105,245.0,6,19,1,1,0,1,87.1,16.7
105,245.0,3,8,1,0,0,3,92.0,41.4
101,135.0,0,8,0,1,0,1,80.1,9.4
102,460.0,2,16,0,1,1,1,50.7,15.0
105,245.0,2,18,0,0,0,1,45.8,6.1
103,160.0,3,19,0,1,0,1,58.8,12.9
103,160.0,3,7,0,1,0,1,67.8,11.9
103,160.0,2,16,0,2,2,1,54.5,29.0
104,345.0,6,17,1,0,1,0,81.6,14.6
102,460.0,0,19,0,1,0,0,60.4,3.7
101,135.0,4,10,1,3,0,2,67.8,30.3
105,245.0,6,22,1,1,0,0,52.7,8.0
103,160.0,0,14,1,0,0,1,59.0,13.9
103,160.0,4,5,0,2,1,1,71.0,17.2
105,245.0,0,13,0,2,0,0,53.2,6.3
105,245.0,4,7,0,1,1,1,82.1,14.2
101,135.0,5,20,1,1,0,0,70.5,8.2
103,160.0,5,6,1,2,0,2,76.2,24.5
104,345.0,1,17,0,0,0,3,56.1,33.8
101,135.0,6,7,1,2,0,1,93.7,13.8
103,160.0,2,20,1,1,0,1,53.3,14.3
105,245.0,6,8,1,1,0,1,85.9,20.6
102,460.0,6,17,1,2,0,1,82.0,12.5
104,345.0,4,12,0,1,0,0,37.0,2.1
105,245.0,0,20,0,3,0,1,31.6,8.4
104,345.0,6,12,1,0,1,0,70.5,12.6
103,160.0,1,18,0,0,0,1,75.5,9.4
105,245.0,3,18,0,2,1,1,93.9,20.4
101,135.0,0,18,1,1,0,0,91.8,0.0
102,460.0,0,9,1,1,1,1,83.9,22.0
104,345.0,1,11,0,1,0,1,45.5,7.5
104,345.0,0,11,0,0,0,1,56.8,11.3
103,160.0,6,15,1,3,0,0,63.8,12.0
104,345.0,0,6,1,1,0,1,54.2,14.8
105,245.0,2,10,0,3,0,1,30.4,15.1
101,135.0,3,7,0,1,1,2,68.1,26.3
103,160.0,1,15,0,3,1,1,40.0,17.6
103,160.0,4,18,0,0,0,0,70.2,3.1
103,160.0,3,19,0,1,0,1,75.4,4.6
105,245.0,5,20,1,3,0,1,55.8,18.2
104,345.0,1,17,1,2,0,0,93.9,5.4
103,160.0,0,5,1,3,0,0,54.6,12.4
105,245.0,1,7,0,1,0,0,82.5,1.2
104,345.0,3,7,0,2,0,0,75.6,1.6
103,160.0,0,15,0,1,0,1,57.3,10.7
102,460.0,5,12,1,1,0,0,60.0,4.8
105,245.0,5,17,1,2,0,2,98.4,23.4
101,135.0,0,12,0,3,0,3,58.3,34.4
105,245.0,1,15,0,1,1,1,52.1,27.4
103,160.0,4,12,0,3,0,2,44.0,21.2
101,135.0,0,7,0,1,0,1,68.3,11.6
103,160.0,1,15,0,0,0,0,29.4,5.8
101,135.0,3,6,0,3,2,0,35.8,18.1
105,245.0,4,21,0,2,2,1,62.3,28.0
101,135.0,0,5,1,3,0,2,52.4,19.6
101,135.0,2,18,0,3,1,0,70.9,1.4
101,135.0,1,14,0,0,1,1,45.3,15.9
105,245.0,1,7,1,0,0,1,72.6,10.6
101,135.0,2,6,0,1,0,0,38.9,0.1
102,460.0,2,16,0,2,0,0,49.7,2.5
103,160.0,0,14,0,2,0,2,57.5,19.3
102,460.0,6,13,1,1,0,1,47.9,15.9
102,460.0,1,7,0,2,1,0,75.9,10.0
101,135.0,6,17,1,0,0,0,88.9,7.0
104,345.0,2,5,0,2,0,1,70.7,10.5
103,160.0,4,15,0,1,0,0,56.1,0.0
103,160.0,6,5,1,2,1,1,69.2,21.3
102,460.0,0,8,0,3,0,2,66.0,19.0
105,245.0,2,5,0,0,0,2,63.0,19.3
101,135.0,0,10,0,2,2,1,47.3,27.8
103,160.0,6,16,1,2,0,2,61.9,25.0
105,245.0,1,7,0,3,1,1,64.7,10.7
105,245.0,4,19,0,2,1,0,93.1,10.2
102,460.0,4,15,0,2,0,0,55.2,5.1
103,160.0,5,9,1,3,2,1,91.1,31.8
104,345.0,1,10,0,0,0,2,53.7,19.0
102,460.0,1,18,1,1,0,1,88.8,15.9
104,345.0,0,7,0,1,0,1,65.7,14.9
102,460.0,5,8,1,3,0,3,95.5,37.7
103,160.0,6,8,1,0,0,0,99.7,11.3
101,135.0,0,12,0,0,0,1,51.3,7.9
102,460.0,2,11,1,3,0,1,61.5,18.8
105,245.0,1,18,0,2,1,1,71.9,20.1
102,460.0,5,22,1,3,0,1,60.8,15.6
105,245.0,1,12,0,3,0,2,52.0,25.9
105,245.0,1,5,0,2,0,2,49.4,18.8
105,245.0,2,6,0,3,0,1,41.1,12.6
104,345.0,4,18,0,1,0,0,70.6,0.0
102,460.0,2,22,1,0,0,3,66.6,40.1
104,345.0,3,18,0,3,0,2,66.0,16.4
105,245.0,5,17,1,1,0,1,65.0,14.7
103,160.0,1,5,1,0,0,0,66.8,7.7
103,160.0,2,7,0,0,1,3,71.8,47.8
103,160.0,5,13,1,0,0,2,54.7,21.4
104,345.0,1,19,0,3,1,1,72.2,20.9
102,460.0,6,17,1,0,0,0,73.5,5.5
104,345.0,3,6,0,3,0,2,47.2,22.6
104,345.0,6,17,1,3,0,0,97.8,7.7
105,245.0,6,19,1,2,0,1,98.2,18.0
102,460.0,6,6,1,2,0,1,76.4,14.3
105,245.0,6,9,1,1,1,1,89.5,16.6
104,345.0,0,6,0,0,1,2,40.3,25.4
103,160.0,3,9,0,1,1,2,72.6,22.4
105,245.0,3,19,0,3,0,0,69.6,4.0
102,460.0,4,7,0,2,0,1,74.5,10.5
105,245.0,1,14,0,3,1,0,44.3,5.2
103,160.0,2,12,0,0,0,1,42.9,10.8
104,345.0,4,17,0,0,0,1,67.4,8.8
103,160.0,6,11,1,0,0,0,59.7,3.5
102,460.0,2,8,0,0,1,2,63.0,26.2
101,135.0,4,17,0,0,0,0,70.1,0.7
104,345.0,6,14,1,3,0,1,49.9,17.8
103,160.0,6,11,1,0,0,1,67.0,17.6
104,345.0,2,11,0,1,0,0,37.4,7.2
105,245.0,6,19,1,0,1,1,77.8,22.6
101,135.0,0,9,0,3,2,2,77.7,41.1
101,135.0,3,19,0,3,0,1,68.6,10.5
105,245.0,1,16,1,2,0,1,57.6,15.2
105,245.0,5,7,1,1,0,1,85.5,10.2
104,345.0,4,6,0,1,0,1,41.9,6.5
102,460.0,3,9,0,3,0,0,55.3,0.0
101,135.0,1,21,0,0,0,1,37.3,8.8
102,460.0,4,11,0,1,1,0,36.2,14.4
105,245.0,5,6,1,3,0,0,59.7,6.2
102,460.0,6,11,1,0,2,2,73.1,48.2
102,460.0,2,11,0,2,0,1,36.0,5.1
103,160.0,1,8,0,2,0,0,75.9,0.0
102,460.0,6,19,1,1,0,2,73.3,27.6
102,460.0,2,12,1,2,2,1,70.4,36.5
105,245.0,3,8,0,1,0,2,83.4,18.2
103,160.0,5,20,1,0,0,1,69.9,11.1
101,135.0,5,7,1,2,0,0,91.5,5.4
103,160.0,2,14,0,2,0,2,55.5,16.9
102,460.0,4,12,0,0,0,1,53.4,9.4
102,460.0,6,21,1,1,0,0,65.1,0.0
104,345.0,2,13,0,1,0,0,50.3,1.7
104,345.0,5,8,1,0,1,0,96.9,15.5
105,245.0,6,17,1,0,2,2,76.2,44.5
101,135.0,6,8,1,1,1,1,92.3,26.8
104,345.0,1,6,0,3,0,1,41.8,6.2
105,245.0,3,22,0,3,0,1,44.7,11.9
104,345.0,0,15,0,1,0,2,52.0,19.3
101,135.0,3,6,0,0,0,3,34.4,36.0
105,245.0,2,22,0,0,1,0,50.6,9.4
104,345.0,2,10,0,3,0,1,46.8,5.4
104,345.0,3,10,0,1,0,1,45.8,13.0
105,245.0,3,20,0,2,0,1,42.8,15.6
105,245.0,0,10,0,0,0,0,51.1,3.0
105,245.0,3,17,0,0,1,0,70.8,12.2
101,135.0,5,14,1,0,0,1,56.6,14.7
105,245.0,6,16,1,3,0,1,56.0,11.6
104,345.0,5,12,1,1,0,1,64.8,15.2
104,345.0,0,14,0,1,1,1,30.1,17.1
102,460.0,0,9,0,3,0,0,71.9,0.0
101,135.0,0,8,0,3,0,0,66.6,0.0
101,135.0,2,21,0,2,0,1,51.2,11.3
103,160.0,0,7,0,1,0,0,65.5,0.0
102,460.0,1,12,0,1,0,1,48.2,6.9
101,135.0,2,20,0,2,0,1,50.5,7.3
102,460.0,0,5,0,1,1,2,71.8,23.8
104,345.0,0,22,1,1,0,1,57.5,19.4
104,345.0,6,10,1,0,1,0,68.7,17.4
102,460.0,5,13,1,3,1,0,59.1,11.8
104,345.0,5,6,1,0,1,0,58.1,12.9
102,460.0,5,10,1,3,1,1,68.1,18.5
102,460.0,5,18,1,2,0,1,90.2,14.7
101,135.0,3,7,0,1,0,1,63.8,6.7
104,345.0,1,7,0,2,0,0,80.9,7.7
105,245.0,3,21,0,1,0,1,45.4,8.6
104,345.0,5,12,1,1,0,1,63.4,11.1
102,460.0,3,15,0,3,0,2,43.8,17.8
104,345.0,1,11,0,0,0,2,45.8,21.3
101,135.0,5,22,1,0,0,2,44.0,25.6
102,460.0,4,14,0,0,0,1,40.0,17.2
103,160.0,2,14,0,3,0,2,44.0,18.5
102,460.0,3,15,0,3,1,0,45.0,5.7
104,345.0,2,13,0,2,0,0,72.3,0.0
101,135.0,2,15,0,1,0,0,42.3,0.0
102,460.0,3,13,1,0,1,0,53.4,9.0
101,135.0,2,9,0,1,0,1,66.0,9.3
101,135.0,1,18,0,2,0,1,83.4,12.0
103,160.0,4,21,0,3,0,3,57.3,37.5
104,345.0,0,13,0,2,0,0,51.6,1.0
103,160.0,4,19,0,0,1,0,75.0,13.7
101,135.0,3,5,0,2,0,3,56.2,36.2
103,160.0,3,19,0,0,1,3,63.0,44.8
101,135.0,3,15,0,2,0,2,63.3,17.3
103,160.0,4,18,0,2,0,1,64.4,10.7
101,135.0,5,15,1,0,0,1,68.1,14.4
101,135.0,1,9,1,0,0,1,88.2,19.0
105,245.0,4,13,0,3,1,2,40.5,27.2
101,135.0,1,5,0,3,0,0,44.3,1.6
102,460.0,4,5,0,3,0,1,47.5,16.9
104,345.0,6,9,1,1,0,2,71.2,26.3
102,460.0,2,22,0,0,0,1,37.3,9.4
101,135.0,1,15,0,0,0,3,53.9,36.8
105,245.0,4,13,0,3,0,0,56.5,0.0
101,135.0,2,5,0,1,0,0,46.6,2.9
104,345.0,6,17,1,1,0,0,77.2,6.3
103,160.0,5,16,1,2,0,0,77.6,7.8
103,160.0,3,13,1,0,0,2,53.7,28.2
105,245.0,4,12,0,2,1,1,56.9,17.5
104,345.0,4,14,0,1,2,1,41.7,31.0
104,345.0,2,18,0,2,0,2,86.2,19.2
103,160.0,5,9,1,0,0,3,81.0,40.9
105,245.0,4,22,1,2,0,1,53.0,13.2
102,460.0,5,7,1,3,0,0,86.0,15.1
101,135.0,0,16,0,0,0,1,57.6,11.0
105,245.0,4,9,0,3,0,1,66.9,12.1
105,245.0,3,7,0,3,0,2,55.5,24.4
102,460.0,6,21,1,2,0,1,67.6,18.4
102,460.0,5,6,1,1,2,0,64.4,24.6
103,160.0,2,14,0,0,1,1,45.8,15.2
101,135.0,1,13,0,2,0,1,55.4,6.1
104,345.0,4,9,1,0,0,1,81.9,19.0
103,160.0,4,14,0,1,2,1,44.0,28.4
104,345.0,5,22,1,3,0,2,58.2,27.3
102,460.0,6,11,1,3,0,1,63.4,18.1
105,245.0,3,14,1,0,0,1,56.1,18.7
104,345.0,4,10,0,3,0,1,31.8,4.6
104,345.0,6,16,1,1,0,1,63.1,17.7
104,345.0,5,22,1,3,0,1,35.4,12.8
105,245.0,2,11,1,3,0,0,53.6,8.0
101,135.0,2,14,0,3,0,2,45.5,18.8
105,245.0,5,10,1,3,0,1,61.0,15.1
104,345.0,5,6,1,1,0,0,63.6,3.7
102,460.0,3,5,0,0,2,1,46.9,29.2
105,245.0,5,19,1,0,0,3,82.3,42.1
104,345.0,3,10,0,0,1,1,41.1,20.2
104,345.0,1,12,0,0,1,1,49.1,19.5
105,245.0,3,10,0,3,1,1,27.2,18.4
105,245.0,3,10,0,1,0,3,49.9,33.6
104,345.0,6,20,1,2,1,0,77.0,10.7
101,135.0,3,18,0,0,0,1,72.7,8.8
105,245.0,3,18,1,3,0,0,90.6,7.9
102,460.0,6,21,1,1,0,0,62.7,12.6
101,135.0,0,18,0,2,0,1,83.7,9.7
101,135.0,1,20,0,0,0,0,45.2,5.9
102,460.0,5,8,1,0,1,0,72.2,16.8
105,245.0,5,8,1,1,0,0,79.6,9.8
104,345.0,2,14,0,0,0,0,41.3,4.6
104,345.0,6,8,1,2,0,0,94.0,3.2
102,460.0,3,12,0,3,0,0,45.1,0.0
103,160.0,1,11,0,3,0,0,48.1,4.2
104,345.0,4,11,0,2,0,0,45.8,3.2
104,345.0,1,12,0,1,1,2,34.7,23.2
105,245.0,6,14,1,3,0,2,52.9,23.6
105,245.0,3,6,0,2,1,3,77.1,47.3
104,345.0,6,14,1,1,0,1,66.3,18.5
103,160.0,5,21,1,0,0,2,64.0,27.9
105,245.0,4,11,0,2,0,0,51.6,0.0
103,160.0,2,20,0,0,0,0,52.0,0.0
105,245.0,6,22,1,1,0,2,46.1,23.2
101,135.0,6,13,1,0,0,0,50.5,4.0
105,245.0,3,10,0,2,0,1,54.5,7.6
105,245.0,6,22,1,3,0,1,50.9,18.1
101,135.0,2,9,0,0,1,2,71.1,27.6
101,135.0,0,7,1,3,0,1,71.8,12.9
101,135.0,1,19,0,2,0,1,82.9,7.8
101,135.0,3,16,0,1,0,2,48.1,21.2
104,345.0,5,19,1,1,0,1,92.9,11.6
104,345.0,1,13,0,3,1,0,55.6,10.5
105,245.0,4,16,0,0,0,0,46.6,0.2
105,245.0,3,20,0,1,0,1,45.2,11.7
102,460.0,3,7,0,3,0,1,79.5,10.4
103,160.0,0,20,0,3,0,1,50.4,15.0
102,460.0,1,19,0,2,2,0,72.7,20.7
104,345.0,1,21,0,2,0,2,59.9,22.6
101,135.0,1,13,0,2,0,1,51.7,13.1
103,160.0,6,8,1,3,0,0,84.8,6.9
105,245.0,1,5,0,3,0,2,36.5,17.9
103,160.0,6,7,1,2,1,0,100.0,12.5
102,460.0,3,16,0,3,0,1,52.1,12.8
102,460.0,0,15,0,1,1,1,55.2,17.0
105,245.0,2,6,0,0,1,2,50.3,25.2
102,460.0,2,7,0,3,0,0,65.8,4.1
102,460.0,3,7,0,1,0,1,66.3,12.6
102,460.0,1,5,0,0,0,1,59.7,11.2
101,135.0,4,9,0,1,1,0,72.5,10.5
101,135.0,0,17,0,3,1,1,78.9,17.3
105,245.0,6,16,1,0,0,1,52.6,14.5
105,245.0,0,11,0,2,0,1,56.4,8.7
104,345.0,0,11,1,3,0,1,47.7,8.0
104,345.0,3,11,1,0,0,1,59.7,18.9
104,345.0,0,19,0,3,2,1,76.3,31.6
103,160.0,3,18,0,2,0,0,81.0,0.7
103,160.0,0,13,0,3,0,1,51.5,11.2
102,460.0,6,9,1,3,0,0,77.7,9.1
103,160.0,1,12,0,3,1,2,34.1,26.5
105,245.0,6,16,1,1,0,0,58.4,3.9
105,245.0,1,14,0,0,0,1,34.1,14.2
101,135.0,3,9,0,0,0,1,75.3,9.1
103,160.0,2,6,0,0,2,2,40.5,40.5
103,160.0,6,20,1,1,0,2,64.7,20.0
104,345.0,2,22,0,1,0,1,41.8,12.3
104,345.0,1,19,1,2,0,2,91.1,23.7
104,345.0,4,20,0,1,0,1,39.4,2.0
103,160.0,1,8,1,2,0,0,100.0,5.0
103,160.0,2,17,0,3,0,0,71.3,0.2
102,460.0,0,17,0,2,0,1,77.7,10.1
102,460.0,2,19,1,0,0,0,74.2,5.4
102,460.0,6,17,1,0,0,1,84.2,15.9
104,345.0,1,12,1,3,0,2,71.4,24.6
101,135.0,3,17,0,3,0,0,78.5,2.7
103,160.0,4,7,0,0,0,2,79.0,14.5
102,460.0,0,7,1,1,0,1,80.7,15.3
101,135.0,3,17,0,3,0,0,78.2,0.0
102,460.0,5,5,1,0,1,2,65.3,33.3
102,460.0,1,19,0,0,1,1,80.7,19.5
101,135.0,4,12,1,3,0,0,69.5,4.1
101,135.0,6,7,1,3,1,0,93.4,13.7
103,160.0,0,9,0,2,0,1,80.8,14.8
103,160.0,0,22,0,2,0,2,47.8,25.9
104,345.0,0,10,0,1,0,2,53.0,20.3
104,345.0,4,15,0,1,0,2,53.5,24.2
104,345.0,6,13,1,0,1,1,60.9,17.5
101,135.0,5,15,1,0,0,1,60.8,10.3
105,245.0,2,10,0,1,0,1,53.8,9.0
102,460.0,5,9,1,0,0,0,75.6,6.1
103,160.0,5,13,1,0,0,0,68.0,3.5
102,460.0,2,11,1,3,0,0,52.6,5.1
103,160.0,6,16,1,2,0,1,69.2,18.9
104,345.0,2,17,0,3,0,0,73.2,2.1
102,460.0,2,14,0,3,0,0,44.8,6.4
104,345.0,0,14,0,3,2,0,58.1,21.5
105,245.0,0,12,0,0,0,1,36.6,8.5
102,460.0,4,8,1,2,0,1,79.8,14.8
103,160.0,5,21,1,0,0,0,38.1,13.0
102,460.0,0,14,0,1,0,2,39.9,19.0
102,460.0,5,22,1,2,0,1,66.1,11.0
101,135.0,2,18,0,2,0,2,68.4,19.8
102,460.0,2,18,0,3,1,1,81.2,18.3
103,160.0,5,6,1,2,0,1,81.0,17.0
105,245.0,4,7,0,3,0,1,68.1,12.1
103,160.0,4,17,0,1,1,1,69.8,13.5
104,345.0,5,16,1,1,0,1,51.3,10.2
102,460.0,5,14,1,0,0,1,59.9,15.9
104,345.0,5,16,1,0,0,1,49.7,19.2
104,345.0,6,12,1,0,1,1,68.9,16.8
103,160.0,3,5,0,0,0,0,56.2,0.0
101,135.0,1,14,0,2,0,0,60.1,0.0
105,245.0,0,12,0,0,0,0,51.5,4.1
101,135.0,3,19,0,3,0,1,71.6,12.2
105,245.0,4,7,0,3,0,3,70.8,36.2
104,345.0,3,20,1,0,0,1,58.1,13.1
105,245.0,5,18,1,3,0,0,74.1,10.9
101,135.0,0,9,0,2,1,0,100.0,8.0
102,460.0,2,21,0,3,0,0,39.3,0.6
105,245.0,1,10,0,2,1,1,57.3,20.0
101,135.0,6,20,1,0,0,1,56.9,15.1
104,345.0,1,5,0,0,0,1,49.1,8.7
102,460.0,2,17,0,2,1,3,85.2,46.2
103,160.0,0,11,0,0,0,0,45.7,3.7
105,245.0,5,7,1,3,0,0,90.4,5.2
104,345.0,1,20,0,0,0,2,40.3,15.1
102,460.0,5,17,1,0,1,1,83.2,18.9
101,135.0,3,20,0,2,0,0,45.7,4.8
104,345.0,1,20,0,3,0,0,43.2,7.2
103,160.0,0,14,0,1,0,0,44.5,3.5
105,245.0,3,13,1,2,0,1,79.4,14.2
102,460.0,3,9,1,2,1,0,100.0,15.6
102,460.0,2,5,0,1,0,0,49.3,0.0
105,245.0,6,12,1,0,1,1,53.2,21.0
104,345.0,4,22,0,2,2,2,49.5,38.8
104,345.0,1,15,0,3,0,1,45.1,14.5
102,460.0,1,19,0,2,0,0,87.8,1.6
102,460.0,1,5,0,0,0,1,42.7,13.9
102,460.0,3,20,0,3,2,1,47.7,30.4
105,245.0,0,7,0,3,0,0,79.2,0.1
103,160.0,5,14,1,1,0,1,61.3,11.4
101,135.0,0,13,0,2,0,2,62.9,21.5
103,160.0,3,17,1,2,0,3,89.5,39.2
101,135.0,3,19,0,2,0,1,87.0,12.2
104,345.0,1,15,0,3,2,2,36.1,46.2
103,160.0,0,14,0,2,0,1,58.5,12.8
105,245.0,5,8,1,2,0,0,98.9,10.3
101,135.0,1,6,0,3,0,1,58.2,10.0
101,135.0,3,5,0,3,2,0,38.6,16.4
104,345.0,6,6,1,0,0,0,58.6,12.4
103,160.0,0,15,0,3,0,0,34.7,1.3
104,345.0,4,16,0,0,2,1,66.3,31.4
103,160.0,6,20,1,0,0,0,61.5,8.3
101,135.0,6,20,1,0,0,1,60.0,16.8
103,160.0,1,7,0,2,2,0,65.4,21.0
101,135.0,6,18,1,0,0,1,87.2,15.9
103,160.0,3,19,0,2,1,2,88.1,23.8
103,160.0,0,20,0,1,0,0,45.8,0.0
101,135.0,1,21,1,1,0,0,59.6,10.1
104,345.0,6,11,1,2,0,0,72.6,11.6
105,245.0,6,10,1,0,1,1,68.0,32.9
101,135.0,0,13,1,3,2,1,69.9,37.3
101,135.0,3,18,0,1,1,0,54.6,11.9
103,160.0,0,9,0,3,1,1,46.7,15.7
102,460.0,6,22,1,2,1,2,63.8,31.6
103,160.0,3,16,0,2,0,1,61.5,18.3
103,160.0,4,9,0,3,1,1,62.5,22.3
104,345.0,3,8,1,0,0,3,92.6,39.3
103,160.0,2,8,0,0,1,0,79.9,13.2
104,345.0,5,13,1,3,0,2,64.1,22.8
102,460.0,2,9,0,0,0,0,68.7,4.1
104,345.0,4,7,0,3,0,1,81.3,12.5
104,345.0,0,21,0,0,2,0,50.3,21.7
101,135.0,5,10,1,1,0,0,41.3,7.9
102,460.0,6,11,1,3,2,1,57.5,34.8
104,345.0,4,5,0,0,0,1,42.5,7.8
101,135.0,6,22,1,1,1,1,50.6,26.6
104,345.0,1,19,0,3,1,1,68.1,20.1
104,345.0,1,7,0,3,0,1,64.9,6.8
105,245.0,3,5,0,1,0,0,39.6,0.0
103,160.0,2,16,0,0,0,1,36.2,7.4
102,460.0,6,5,1,1,0,2,65.1,24.9
104,345.0,0,14,0,1,0,2,35.9,18.3
105,245.0,6,17,1,1,0,1,100.0,17.2
101,135.0,5,22,1,0,0,2,66.7,20.9
101,135.0,0,8,0,1,0,1,75.5,16.9
101,135.0,2,11,0,1,0,0,44.8,1.2
103,160.0,1,16,0,1,0,2,55.7,19.9
102,460.0,5,15,1,1,0,2,76.2,20.6
105,245.0,1,11,0,0,0,1,46.8,4.9
103,160.0,4,22,0,3,2,0,47.8,23.2
104,345.0,0,21,0,1,0,0,47.5,3.2
103,160.0,0,11,0,3,1,1,33.0,12.4
102,460.0,3,21,0,2,0,0,60.2,6.1
101,135.0,4,8,0,0,1,1,79.0,21.7
105,245.0,5,21,1,1,0,0,65.9,5.3
105,245.0,1,12,0,1,0,1,35.6,3.9
104,345.0,3,8,0,0,0,0,66.9,1.4
101,135.0,4,6,1,1,0,0,53.5,9.8
105,245.0,1,6,0,3,0,0,30.7,2.9
104,345.0,3,18,0,3,0,2,60.9,23.6
102,460.0,6,12,1,1,0,1,53.5,10.4
102,460.0,2,16,1,3,0,1,50.8,13.3
105,245.0,6,7,1,3,0,2,76.4,28.9
102,460.0,6,8,1,0,0,1,83.4,16.3
103,160.0,2,11,0,0,0,1,47.6,10.4
102,460.0,5,19,1,1,0,1,73.7,20.6
103,160.0,4,17,1,1,0,0,80.1,15.8
101,135.0,2,22,0,2,0,2,53.7,21.2
101,135.0,4,15,0,0,1,0,58.2,12.6
105,245.0,0,9,0,2,0,0,74.1,0.9
105,245.0,3,13,1,3,2,1,63.8,35.7
102,460.0,6,14,1,1,0,1,74.1,15.4
105,245.0,2,12,0,2,2,1,58.4,35.7
103,160.0,3,11,0,0,0,0,44.7,1.8
105,245.0,6,11,1,0,1,1,53.6,28.6
103,160.0,2,18,0,0,0,0,77.7,0.0
105,245.0,0,22,0,0,2,2,46.6,41.3
101,135.0,6,6,1,2,0,2,66.1,25.2
101,135.0,2,17,0,1,0,1,71.8,11.8
103,160.0,3,13,1,3,0,0,55.0,10.7
101,135.0,6,14,1,0,0,3,59.0,44.1
104,345.0,5,14,1,1,1,0,65.7,11.0
101,135.0,0,13,0,0,1,1,48.1,14.4
102,460.0,3,5,0,2,0,0,65.2,0.0
104,345.0,2,9,0,3,0,0,63.5,0.0
105,245.0,6,18,1,2,0,1,89.6,14.4
101,135.0,5,10,1,0,0,3,62.7,45.4
105,245.0,3,13,0,2,1,3,65.8,39.4
105,245.0,3,19,0,2,0,2,81.6,23.4
105,245.0,0,13,0,3,0,1,28.5,6.7
102,460.0,0,5,1,2,0,0,77.5,7.5
104,345.0,1,14,0,1,1,1,54.1,22.4
103,160.0,5,19,1,2,0,1,100.0,10.4
103,160.0,1,11,0,0,2,1,47.0,32.6
103,160.0,2,19,0,2,1,1,70.1,19.3
103,160.0,6,17,1,0,0,1,84.7,13.7
105,245.0,2,10,0,2,0,2,56.1,24.6
103,160.0,0,19,1,3,0,2,84.1,21.3
104,345.0,4,12,0,2,1,0,56.3,10.6
104,345.0,6,8,1,3,0,0,97.0,6.2
101,135.0,6,19,1,0,1,1,73.2,14.4
101,135.0,1,7,0,0,0,0,63.4,6.6
104,345.0,6,20,1,2,2,0,58.7,24.6
105,245.0,4,9,0,3,2,2,69.1,34.1
101,135.0,2,12,0,0,1,2,54.2,31.4
101,135.0,5,6,1,3,0,1,54.2,18.5
102,460.0,1,22,1,1,2,0,65.2,26.3
104,345.0,5,13,1,3,0,1,59.5,15.7
101,135.0,3,19,0,3,0,0,76.8,0.0
102,460.0,2,6,0,1,0,1,54.0,8.4
104,345.0,2,5,0,0,0,1,42.8,15.2
103,160.0,5,12,1,0,0,2,66.9,24.6
104,345.0,6,9,1,2,0,2,100.0,26.6
105,245.0,3,6,0,2,0,0,69.6,0.0
103,160.0,0,22,0,2,0,0,53.6,4.1
104,345.0,3,19,0,3,0,0,70.6,0.9
105,245.0,6,13,1,0,0,0,60.2,8.6
104,345.0,6,11,1,1,0,0,67.9,8.8
102,460.0,2,14,1,2,0,2,87.3,24.8
102,460.0,4,18,0,2,0,1,85.5,8.0
102,460.0,5,17,1,2,0,0,96.5,8.3
104,345.0,1,15,0,2,0,1,60.2,10.4
103,160.0,4,10,0,2,0,3,65.9,36.0
101,135.0,2,14,0,1,1,1,38.9,15.0
102,460.0,2,5,0,2,0,0,64.8,0.0
104,345.0,1,14,0,3,0,0,44.4,8.3
102,460.0,6,16,1,3,1,2,64.5,32.8
104,345.0,2,7,0,1,0,0,73.9,0.8
101,135.0,1,10,0,0,0,1,63.2,10.8
104,345.0,0,9,1,0,0,2,76.8,20.7
102,460.0,3,16,0,0,0,1,45.8,11.0
104,345.0,3,9,0,2,0,2,91.4,19.2
105,245.0,5,22,1,1,0,2,48.2,22.6
105,245.0,3,18,0,2,0,1,94.1,7.8
103,160.0,4,22,0,0,1,0,40.5,7.0
105,245.0,1,5,1,1,0,1,63.2,16.1
105,245.0,0,15,0,1,2,1,52.3,30.6
102,460.0,1,9,0,0,0,0,60.4,0.9
102,460.0,1,14,0,0,1,0,44.9,3.9
103,160.0,0,15,0,0,0,0,50.4,1.5
101,135.0,1,16,0,0,0,1,50.0,7.6
101,135.0,0,16,0,2,0,1,52.2,10.2
102,460.0,5,18,1,2,0,1,99.0,15.5
104,345.0,4,19,0,1,0,2,70.8,17.8
101,135.0,4,8,0,0,1,1,63.9,13.9
105,245.0,1,16,0,1,0,1,46.3,9.4
101,135.0,4,7,0,2,1,1,91.2,19.3
104,345.0,3,12,0,0,0,1,45.0,4.6
101,135.0,5,20,1,3,1,0,57.2,16.7
103,160.0,6,19,1,1,1,1,93.6,19.8
101,135.0,3,5,0,0,1,2,41.3,22.2
102,460.0,6,15,1,0,0,1,64.6,19.4
103,160.0,4,18,0,1,0,2,68.3,19.7
101,135.0,3,8,0,0,0,0,66.5,9.0
102,460.0,5,22,1,1,0,2,55.0,30.9
105,245.0,0,20,0,1,1,1,29.1,9.8
102,460.0,1,22,0,1,1,1,60.0,24.9
105,245.0,2,21,0,0,0,2,48.4,18.5
102,460.0,1,17,0,3,0,1,59.6,8.8
101,135.0,6,15,1,2,0,0,76.9,10.9
104,345.0,0,22,0,2,0,2,54.3,15.2
101,135.0,2,6,0,2,0,0,56.0,1.2
103,160.0,5,7,1,2,0,1,96.7,15.1
105,245.0,5,22,1,1,0,2,79.8,23.5
103,160.0,0,12,0,2,0,1,63.3,7.3
103,160.0,2,11,0,2,0,2,50.0,14.8
103,160.0,6,11,1,0,0,2,62.9,23.8
103,160.0,0,14,0,2,1,0,59.5,4.1
104,345.0,4,5,0,1,0,1,42.6,7.6
103,160.0,3,8,0,1,0,0,73.0,6.5
103,160.0,0,5,1,2,0,2,72.5,25.5
102,460.0,2,18,0,2,1,1,98.1,17.5
103,160.0,0,13,0,0,0,3,48.8,36.5
102,460.0,4,7,0,2,0,0,74.0,0.0
102,460.0,4,20,0,0,1,1,38.2,14.6
102,460.0,2,22,0,3,0,1,49.5,9.4
103,160.0,3,18,0,3,0,2,74.5,23.9
101,135.0,2,10,0,3,1,0,58.1,8.4
103,160.0,5,12,1,1,2,1,72.1,35.9
104,345.0,0,14,0,0,0,1,30.6,10.8
101,135.0,0,14,0,1,0,3,59.8,42.7
104,345.0,6,11,1,1,0,0,56.3,6.6
104,345.0,2,17,0,2,1,1,82.3,23.0
103,160.0,1,10,1,2,1,2,70.0,28.4
101,135.0,5,16,1,3,0,1,62.4,12.3
102,460.0,1,11,0,3,2,3,48.9,55.1
105,245.0,4,6,1,2,0,0,64.3,6.2
101,135.0,2,6,0,1,0,1,53.6,11.4
101,135.0,6,19,1,2,0,1,100.0,15.6
104,345.0,3,19,0,2,0,2,70.1,23.4
105,245.0,2,10,0,3,1,2,47.4,28.9
102,460.0,0,20,0,0,2,1,56.3,29.1
103,160.0,1,8,0,3,0,1,62.4,13.2
103,160.0,1,18,1,0,0,1,81.4,14.6
103,160.0,2,16,0,3,0,1,52.2,12.4
103,160.0,6,20,1,0,2,1,58.0,33.9
103,160.0,6,22,1,1,1,3,57.2,49.6
104,345.0,2,22,1,0,0,0,64.0,6.9
101,135.0,0,7,0,3,1,1,75.5,14.7
105,245.0,1,11,0,0,2,3,53.4,56.9
105,245.0,2,11,0,2,0,0,62.6,0.0
101,135.0,2,19,0,1,0,1,76.7,9.6
105,245.0,3,13,0,1,0,2,46.1,18.8
104,345.0,3,9,0,1,1,0,57.3,7.8
101,135.0,5,22,1,3,0,0,63.1,6.4
104,345.0,1,14,0,0,0,1,32.4,10.3
103,160.0,1,5,1,2,0,1,76.4,17.4
104,345.0,2,7,0,2,2,1,80.3,31.6
103,160.0,0,5,0,2,0,1,57.1,11.9
105,245.0,0,7,0,1,0,0,70.5,2.2
103,160.0,1,21,0,0,0,0,45.1,2.2
102,460.0,4,19,0,0,0,1,79.4,10.9
101,135.0,6,22,1,0,0,0,67.2,4.2
101,135.0,2,9,0,3,0,1,80.6,11.7
105,245.0,1,8,1,1,1,2,78.3,30.5
102,460.0,6,14,1,0,1,2,52.4,31.4
102,460.0,0,9,0,2,0,1,86.1,10.4
101,135.0,4,11,1,3,0,0,57.9,5.3
101,135.0,5,10,1,2,0,1,68.5,14.3
103,160.0,5,16,1,2,1,3,75.5,49.5
104,345.0,6,17,1,0,0,1,98.8,19.6
103,160.0,5,13,1,1,1,1,83.4,23.1
102,460.0,2,16,0,2,1,1,34.2,16.5
101,135.0,5,19,1,3,0,2,77.4,28.1
103,160.0,6,5,1,3,0,0,51.3,10.2
102,460.0,1,10,1,3,0,2,65.5,25.9
101,135.0,6,17,1,2,0,3,100.0,42.3
105,245.0,0,5,0,3,0,2,52.3,15.3
104,345.0,6,6,1,1,0,2,60.8,27.0
101,135.0,3,21,0,2,0,1,51.0,8.6
102,460.0,1,19,0,2,1,0,72.6,11.1
102,460.0,2,8,1,1,0,2,90.7,26.7
101,135.0,0,17,0,1,0,1,74.0,11.4
104,345.0,0,19,0,1,0,2,81.8,17.4
101,135.0,6,12,1,2,0,2,69.4,21.3
101,135.0,2,21,0,3,0,1,53.3,6.5
101,135.0,5,14,1,1,0,0,40.7,8.3
105,245.0,5,16,1,1,2,1,76.4,33.1
101,135.0,2,19,0,0,0,0,80.5,1.5
103,160.0,2,10,0,3,0,1,38.7,5.3
104,345.0,2,8,0,3,0,1,55.8,6.6
103,160.0,1,22,0,1,0,3,34.0,34.9
101,135.0,0,9,1,2,0,1,94.2,12.8
104,345.0,5,21,1,0,1,1,55.1,24.4
105,245.0,6,21,1,3,0,1,49.0,19.6
102,460.0,0,18,0,2,0,1,80.0,4.3
105,245.0,3,15,0,1,0,1,51.8,9.2
102,460.0,3,11,1,0,1,0,55.7,13.0
105,245.0,4,10,0,1,0,1,42.1,12.0
102,460.0,4,11,0,3,0,1,36.6,8.8
101,135.0,1,15,0,3,0,1,51.2,8.6
104,345.0,2,5,0,2,0,1,57.7,7.9
103,160.0,6,15,1,3,1,0,73.2,8.6
101,135.0,4,10,0,3,0,1,49.8,8.7
102,460.0,6,8,1,1,1,0,69.6,9.5
103,160.0,3,14,0,0,1,3,50.0,44.4
105,245.0,4,21,0,0,0,0,41.6,4.4
102,460.0,0,10,0,0,0,2,43.1,19.8
105,245.0,1,12,0,2,0,1,55.0,12.1
102,460.0,3,13,1,3,0,1,55.8,17.1
105,245.0,0,17,1,2,0,1,97.6,17.5
103,160.0,2,11,0,3,0,2,45.6,21.7
102,460.0,1,18,0,0,0,2,87.5,18.7
103,160.0,5,8,1,3,0,1,83.5,12.3
104,345.0,6,22,1,1,1,2,64.8,32.7
102,460.0,4,12,0,3,0,3,40.9,34.9
102,460.0,6,21,1,1,0,3,67.2,43.0
104,345.0,4,7,1,1,1,0,92.5,13.6
102,460.0,2,5,0,0,0,1,52.2,7.9
103,160.0,1,14,1,2,0,0,78.1,4.6
101,135.0,2,10,1,0,0,0,60.2,13.9
105,245.0,5,15,1,3,1,3,52.4,49.9
104,345.0,2,5,0,1,0,1,45.6,14.9
103,160.0,6,11,1,1,0,1,60.1,11.4
105,245.0,3,13,0,1,1,1,41.1,17.7
104,345.0,3,14,0,3,0,0,36.8,0.8
104,345.0,5,15,1,1,1,0,61.6,11.3
103,160.0,1,17,1,1,0,2,74.2,19.1
101,135.0,5,13,1,2,1,2,55.9,38.2
101,135.0,5,7,1,1,0,0,88.2,11.6
102,460.0,4,6,0,2,0,0,64.7,2.0
104,345.0,4,10,0,1,0,0,38.6,5.4
104,345.0,6,20,1,1,0,0,57.8,7.7
105,245.0,1,22,0,2,0,0,48.5,0.0
105,245.0,2,12,0,2,0,1,74.7,13.4
102,460.0,2,10,0,3,0,0,42.8,1.1
105,245.0,4,14,0,2,0,2,51.4,17.2
101,135.0,4,20,0,2,0,0,67.6,7.9
103,160.0,4,20,1,0,1,1,56.7,23.5
103,160.0,4,11,0,3,1,0,43.7,11.4
105,245.0,5,11,1,2,2,1,65.0,33.6
101,135.0,3,22,0,0,0,1,61.9,8.2
102,460.0,1,22,0,0,0,1,49.9,9.0
101,135.0,3,21,0,0,0,2,31.5,18.8
105,245.0,5,22,1,1,1,0,73.5,11.6
105,245.0,6,14,1,3,0,1,65.8,11.0
103,160.0,5,9,1,3,2,2,88.9,43.3
103,160.0,6,22,1,0,1,1,49.5,22.7
103,160.0,4,22,0,0,2,1,29.0,32.6
104,345.0,2,18,1,2,0,1,84.5,14.5
103,160.0,6,13,1,2,0,0,56.7,0.0
105,245.0,4,21,0,2,0,2,54.8,12.3
101,135.0,6,7,1,3,1,3,86.5,48.9
101,135.0,1,11,0,2,0,0,58.6,1.1
105,245.0,1,15,0,3,1,1,50.3,23.2
101,135.0,4,20,1,1,0,0,67.5,6.6
104,345.0,6,19,1,1,0,0,98.2,7.0
105,245.0,3,10,0,1,1,1,40.4,22.4
103,160.0,6,9,1,1,1,0,98.3,14.9
103,160.0,2,7,0,2,0,3,90.6,38.4
102,460.0,0,15,0,2,0,2,62.1,19.8
104,345.0,4,14,0,1,0,1,44.5,13.4
102,460.0,4,9,0,0,0,1,55.1,13.5
101,135.0,0,6,1,0,0,1,65.6,10.6
101,135.0,1,20,1,3,0,1,72.8,8.4
101,135.0,5,16,1,3,2,1,50.5,33.2
101,135.0,3,12,0,2,0,0,64.9,0.0
104,345.0,6,20,1,1,1,0,56.7,9.1
104,345.0,3,9,0,0,0,1,67.8,13.4
103,160.0,0,18,1,1,0,0,77.3,5.5
103,160.0,3,5,0,1,0,0,29.7,0.0
103,160.0,2,7,1,3,1,1,81.5,26.7
104,345.0,4,7,1,3,0,2,100.0,25.3
104,345.0,4,21,1,2,0,1,77.1,14.4
101,135.0,0,7,0,1,0,1,66.4,9.1
103,160.0,1,19,0,1,0,0,56.6,0.5
104,345.0,0,8,0,2,0,0,89.2,0.0
105,245.0,2,7,1,3,0,2,81.7,27.8
104,345.0,0,18,0,1,0,1,76.2,6.5
102,460.0,2,11,1,2,0,2,69.2,21.7
101,135.0,1,13,0,2,1,0,53.9,11.7
105,245.0,6,10,1,0,0,1,50.2,9.5
101,135.0,2,16,0,0,0,1,48.4,6.5
102,460.0,4,14,0,1,2,2,37.5,37.9
101,135.0,4,18,0,3,1,1,78.1,19.0
101,135.0,1,16,0,3,0,1,41.4,13.0
101,135.0,4,11,0,3,0,2,47.7,16.0
104,345.0,3,20,0,1,1,0,60.8,7.9
103,160.0,6,12,1,3,0,2,49.3,30.7
105,245.0,4,6,0,0,0,2,42.1,14.1
105,245.0,1,16,1,0,0,0,68.6,14.2
105,245.0,4,17,0,2,1,1,88.6,22.8
105,245.0,4,12,0,0,0,2,47.6,20.1
104,345.0,1,20,0,1,0,3,52.1,37.1
101,135.0,5,9,1,2,0,1,100.0,14.8
105,245.0,3,6,0,1,0,1,49.9,10.4
101,135.0,1,11,0,3,0,0,46.1,4.1
101,135.0,4,15,0,0,0,1,52.2,6.6
105,245.0,3,21,0,0,0,2,36.6,23.2
102,460.0,0,20,0,3,0,2,31.0,18.5
102,460.0,1,12,1,2,0,0,70.3,3.1
105,245.0,6,5,1,3,0,0,73.6,7.5
103,160.0,5,7,1,3,0,0,83.1,4.9
105,245.0,6,21,1,2,0,3,80.7,42.0
105,245.0,2,7,0,2,0,1,77.5,8.4
105,245.0,6,15,1,3,0,2,62.9,22.7
101,135.0,6,17,1,2,0,1,100.0,15.2
103,160.0,2,12,0,1,1,1,54.4,16.9
101,135.0,1,11,1,1,0,0,60.5,7.0
104,345.0,0,8,0,3,2,1,61.2,28.8
102,460.0,0,17,0,1,1,0,58.9,11.4
105,245.0,2,22,0,1,1,1,48.6,11.5
105,245.0,6,21,1,2,0,2,72.2,23.3
104,345.0,5,17,1,1,0,3,82.7,36.8
104,345.0,5,11,1,0,0,1,65.3,16.1
103,160.0,1,13,0,3,1,0,49.2,4.6
105,245.0,0,17,0,3,0,0,73.2,7.8
102,460.0,6,13,1,1,0,1,64.9,13.8
102,460.0,6,5,1,2,1,1,79.0,23.9
